Doxygen version used: 1.18.0 (8e760943e5d9581a444cf327f43a0b4d20d29482)
Searching for include files...
Searching for example files...
Searching for images...
Searching for dot files...
Searching for msc files...
Searching for dia files...
Searching for plantuml files...
Searching for mermaid files...
Searching for files to exclude
Searching INPUT for files to process...
Searching for files in directory C:/Users/fabio_nocezmw/Documents/University/II_Sem_2026/Diseno_Software/lab1-projects/SFML/include/SFML
Searching for files in directory C:/Users/fabio_nocezmw/Documents/University/II_Sem_2026/Diseno_Software/lab1-projects/SFML/include/SFML/Audio
Searching for files in directory C:/Users/fabio_nocezmw/Documents/University/II_Sem_2026/Diseno_Software/lab1-projects/SFML/include/SFML/Graphics
Searching for files in directory C:/Users/fabio_nocezmw/Documents/University/II_Sem_2026/Diseno_Software/lab1-projects/SFML/include/SFML/Network
Searching for files in directory C:/Users/fabio_nocezmw/Documents/University/II_Sem_2026/Diseno_Software/lab1-projects/SFML/include/SFML/System
Searching for files in directory C:/Users/fabio_nocezmw/Documents/University/II_Sem_2026/Diseno_Software/lab1-projects/SFML/include/SFML/Window
Searching for files in directory C:/Users/fabio_nocezmw/Documents/University/II_Sem_2026/Diseno_Software/lab1-projects/SFML/src/SFML
Searching for files in directory C:/Users/fabio_nocezmw/Documents/University/II_Sem_2026/Diseno_Software/lab1-projects/SFML/src/SFML/Audio
Searching for files in directory C:/Users/fabio_nocezmw/Documents/University/II_Sem_2026/Diseno_Software/lab1-projects/SFML/src/SFML/Graphics
Searching for files in directory C:/Users/fabio_nocezmw/Documents/University/II_Sem_2026/Diseno_Software/lab1-projects/SFML/src/SFML/Main
Searching for files in directory C:/Users/fabio_nocezmw/Documents/University/II_Sem_2026/Diseno_Software/lab1-projects/SFML/src/SFML/Network
Searching for files in directory C:/Users/fabio_nocezmw/Documents/University/II_Sem_2026/Diseno_Software/lab1-projects/SFML/src/SFML/Network/Unix
Searching for files in directory C:/Users/fabio_nocezmw/Documents/University/II_Sem_2026/Diseno_Software/lab1-projects/SFML/src/SFML/Network/Win32
Searching for files in directory C:/Users/fabio_nocezmw/Documents/University/II_Sem_2026/Diseno_Software/lab1-projects/SFML/src/SFML/System
Searching for files in directory C:/Users/fabio_nocezmw/Documents/University/II_Sem_2026/Diseno_Software/lab1-projects/SFML/src/SFML/System/Android
Searching for files in directory C:/Users/fabio_nocezmw/Documents/University/II_Sem_2026/Diseno_Software/lab1-projects/SFML/src/SFML/System/Unix
Searching for files in directory C:/Users/fabio_nocezmw/Documents/University/II_Sem_2026/Diseno_Software/lab1-projects/SFML/src/SFML/System/Win32
Searching for files in directory C:/Users/fabio_nocezmw/Documents/University/II_Sem_2026/Diseno_Software/lab1-projects/SFML/src/SFML/Window
Searching for files in directory C:/Users/fabio_nocezmw/Documents/University/II_Sem_2026/Diseno_Software/lab1-projects/SFML/src/SFML/Window/Android
Searching for files in directory C:/Users/fabio_nocezmw/Documents/University/II_Sem_2026/Diseno_Software/lab1-projects/SFML/src/SFML/Window/DRM
Searching for files in directory C:/Users/fabio_nocezmw/Documents/University/II_Sem_2026/Diseno_Software/lab1-projects/SFML/src/SFML/Window/FreeBSD
Searching for files in directory C:/Users/fabio_nocezmw/Documents/University/II_Sem_2026/Diseno_Software/lab1-projects/SFML/src/SFML/Window/iOS
Searching for files in directory C:/Users/fabio_nocezmw/Documents/University/II_Sem_2026/Diseno_Software/lab1-projects/SFML/src/SFML/Window/macOS
Searching for files in directory C:/Users/fabio_nocezmw/Documents/University/II_Sem_2026/Diseno_Software/lab1-projects/SFML/src/SFML/Window/NetBSD
Searching for files in directory C:/Users/fabio_nocezmw/Documents/University/II_Sem_2026/Diseno_Software/lab1-projects/SFML/src/SFML/Window/OpenBSD
Searching for files in directory C:/Users/fabio_nocezmw/Documents/University/II_Sem_2026/Diseno_Software/lab1-projects/SFML/src/SFML/Window/Unix
Searching for files in directory C:/Users/fabio_nocezmw/Documents/University/II_Sem_2026/Diseno_Software/lab1-projects/SFML/src/SFML/Window/Win32
Reading and parsing tag files
Parsing files
Preprocessing C:/Users/fabio_nocezmw/Documents/University/II_Sem_2026/Diseno_Software/lab1-projects/SFML/include/SFML/Audio.hpp...
Parsing file C:/Users/fabio_nocezmw/Documents/University/II_Sem_2026/Diseno_Software/lab1-projects/SFML/include/SFML/Audio.hpp...
Preprocessing C:/Users/fabio_nocezmw/Documents/University/II_Sem_2026/Diseno_Software/lab1-projects/SFML/include/SFML/Audio/AudioResource.hpp...
Parsing file C:/Users/fabio_nocezmw/Documents/University/II_Sem_2026/Diseno_Software/lab1-projects/SFML/include/SFML/Audio/AudioResource.hpp...
Preprocessing C:/Users/fabio_nocezmw/Documents/University/II_Sem_2026/Diseno_Software/lab1-projects/SFML/include/SFML/Audio/Export.hpp...
Parsing file C:/Users/fabio_nocezmw/Documents/University/II_Sem_2026/Diseno_Software/lab1-projects/SFML/include/SFML/Audio/Export.hpp...
Preprocessing C:/Users/fabio_nocezmw/Documents/University/II_Sem_2026/Diseno_Software/lab1-projects/SFML/include/SFML/Audio/InputSoundFile.hpp...
Parsing file C:/Users/fabio_nocezmw/Documents/University/II_Sem_2026/Diseno_Software/lab1-projects/SFML/include/SFML/Audio/InputSoundFile.hpp...
Preprocessing C:/Users/fabio_nocezmw/Documents/University/II_Sem_2026/Diseno_Software/lab1-projects/SFML/include/SFML/Audio/Listener.hpp...
Parsing file C:/Users/fabio_nocezmw/Documents/University/II_Sem_2026/Diseno_Software/lab1-projects/SFML/include/SFML/Audio/Listener.hpp...
Preprocessing C:/Users/fabio_nocezmw/Documents/University/II_Sem_2026/Diseno_Software/lab1-projects/SFML/include/SFML/Audio/Music.hpp...
Parsing file C:/Users/fabio_nocezmw/Documents/University/II_Sem_2026/Diseno_Software/lab1-projects/SFML/include/SFML/Audio/Music.hpp...
Preprocessing C:/Users/fabio_nocezmw/Documents/University/II_Sem_2026/Diseno_Software/lab1-projects/SFML/include/SFML/Audio/OutputSoundFile.hpp...
Parsing file C:/Users/fabio_nocezmw/Documents/University/II_Sem_2026/Diseno_Software/lab1-projects/SFML/include/SFML/Audio/OutputSoundFile.hpp...
Preprocessing C:/Users/fabio_nocezmw/Documents/University/II_Sem_2026/Diseno_Software/lab1-projects/SFML/include/SFML/Audio/PlaybackDevice.hpp...
Parsing file C:/Users/fabio_nocezmw/Documents/University/II_Sem_2026/Diseno_Software/lab1-projects/SFML/include/SFML/Audio/PlaybackDevice.hpp...
Preprocessing C:/Users/fabio_nocezmw/Documents/University/II_Sem_2026/Diseno_Software/lab1-projects/SFML/include/SFML/Audio/Sound.hpp...
Parsing file C:/Users/fabio_nocezmw/Documents/University/II_Sem_2026/Diseno_Software/lab1-projects/SFML/include/SFML/Audio/Sound.hpp...
Preprocessing C:/Users/fabio_nocezmw/Documents/University/II_Sem_2026/Diseno_Software/lab1-projects/SFML/include/SFML/Audio/SoundBuffer.hpp...
Parsing file C:/Users/fabio_nocezmw/Documents/University/II_Sem_2026/Diseno_Software/lab1-projects/SFML/include/SFML/Audio/SoundBuffer.hpp...
Preprocessing C:/Users/fabio_nocezmw/Documents/University/II_Sem_2026/Diseno_Software/lab1-projects/SFML/include/SFML/Audio/SoundBufferRecorder.hpp...
Parsing file C:/Users/fabio_nocezmw/Documents/University/II_Sem_2026/Diseno_Software/lab1-projects/SFML/include/SFML/Audio/SoundBufferRecorder.hpp...
Preprocessing C:/Users/fabio_nocezmw/Documents/University/II_Sem_2026/Diseno_Software/lab1-projects/SFML/include/SFML/Audio/SoundChannel.hpp...
Parsing file C:/Users/fabio_nocezmw/Documents/University/II_Sem_2026/Diseno_Software/lab1-projects/SFML/include/SFML/Audio/SoundChannel.hpp...
Preprocessing C:/Users/fabio_nocezmw/Documents/University/II_Sem_2026/Diseno_Software/lab1-projects/SFML/include/SFML/Audio/SoundFileFactory.hpp...
Parsing file C:/Users/fabio_nocezmw/Documents/University/II_Sem_2026/Diseno_Software/lab1-projects/SFML/include/SFML/Audio/SoundFileFactory.hpp...
Preprocessing C:/Users/fabio_nocezmw/Documents/University/II_Sem_2026/Diseno_Software/lab1-projects/SFML/include/SFML/Audio/SoundFileReader.hpp...
Parsing file C:/Users/fabio_nocezmw/Documents/University/II_Sem_2026/Diseno_Software/lab1-projects/SFML/include/SFML/Audio/SoundFileReader.hpp...
Preprocessing C:/Users/fabio_nocezmw/Documents/University/II_Sem_2026/Diseno_Software/lab1-projects/SFML/include/SFML/Audio/SoundFileWriter.hpp...
Parsing file C:/Users/fabio_nocezmw/Documents/University/II_Sem_2026/Diseno_Software/lab1-projects/SFML/include/SFML/Audio/SoundFileWriter.hpp...
Preprocessing C:/Users/fabio_nocezmw/Documents/University/II_Sem_2026/Diseno_Software/lab1-projects/SFML/include/SFML/Audio/SoundRecorder.hpp...
Parsing file C:/Users/fabio_nocezmw/Documents/University/II_Sem_2026/Diseno_Software/lab1-projects/SFML/include/SFML/Audio/SoundRecorder.hpp...
Preprocessing C:/Users/fabio_nocezmw/Documents/University/II_Sem_2026/Diseno_Software/lab1-projects/SFML/include/SFML/Audio/SoundSource.hpp...
Parsing file C:/Users/fabio_nocezmw/Documents/University/II_Sem_2026/Diseno_Software/lab1-projects/SFML/include/SFML/Audio/SoundSource.hpp...
Preprocessing C:/Users/fabio_nocezmw/Documents/University/II_Sem_2026/Diseno_Software/lab1-projects/SFML/include/SFML/Audio/SoundStream.hpp...
Parsing file C:/Users/fabio_nocezmw/Documents/University/II_Sem_2026/Diseno_Software/lab1-projects/SFML/include/SFML/Audio/SoundStream.hpp...
Preprocessing C:/Users/fabio_nocezmw/Documents/University/II_Sem_2026/Diseno_Software/lab1-projects/SFML/include/SFML/Config.hpp...
Parsing file C:/Users/fabio_nocezmw/Documents/University/II_Sem_2026/Diseno_Software/lab1-projects/SFML/include/SFML/Config.hpp...
Preprocessing C:/Users/fabio_nocezmw/Documents/University/II_Sem_2026/Diseno_Software/lab1-projects/SFML/include/SFML/GpuPreference.hpp...
Parsing file C:/Users/fabio_nocezmw/Documents/University/II_Sem_2026/Diseno_Software/lab1-projects/SFML/include/SFML/GpuPreference.hpp...
Preprocessing C:/Users/fabio_nocezmw/Documents/University/II_Sem_2026/Diseno_Software/lab1-projects/SFML/include/SFML/Graphics.hpp...
Parsing file C:/Users/fabio_nocezmw/Documents/University/II_Sem_2026/Diseno_Software/lab1-projects/SFML/include/SFML/Graphics.hpp...
Preprocessing C:/Users/fabio_nocezmw/Documents/University/II_Sem_2026/Diseno_Software/lab1-projects/SFML/include/SFML/Graphics/BlendMode.hpp...
Parsing file C:/Users/fabio_nocezmw/Documents/University/II_Sem_2026/Diseno_Software/lab1-projects/SFML/include/SFML/Graphics/BlendMode.hpp...
Preprocessing C:/Users/fabio_nocezmw/Documents/University/II_Sem_2026/Diseno_Software/lab1-projects/SFML/include/SFML/Graphics/CircleShape.hpp...
Parsing file C:/Users/fabio_nocezmw/Documents/University/II_Sem_2026/Diseno_Software/lab1-projects/SFML/include/SFML/Graphics/CircleShape.hpp...
Preprocessing C:/Users/fabio_nocezmw/Documents/University/II_Sem_2026/Diseno_Software/lab1-projects/SFML/include/SFML/Graphics/Color.hpp...
Parsing file C:/Users/fabio_nocezmw/Documents/University/II_Sem_2026/Diseno_Software/lab1-projects/SFML/include/SFML/Graphics/Color.hpp...
Preprocessing C:/Users/fabio_nocezmw/Documents/University/II_Sem_2026/Diseno_Software/lab1-projects/SFML/include/SFML/Graphics/ConvexShape.hpp...
Parsing file C:/Users/fabio_nocezmw/Documents/University/II_Sem_2026/Diseno_Software/lab1-projects/SFML/include/SFML/Graphics/ConvexShape.hpp...
Preprocessing C:/Users/fabio_nocezmw/Documents/University/II_Sem_2026/Diseno_Software/lab1-projects/SFML/include/SFML/Graphics/CoordinateType.hpp...
Parsing file C:/Users/fabio_nocezmw/Documents/University/II_Sem_2026/Diseno_Software/lab1-projects/SFML/include/SFML/Graphics/CoordinateType.hpp...
Preprocessing C:/Users/fabio_nocezmw/Documents/University/II_Sem_2026/Diseno_Software/lab1-projects/SFML/include/SFML/Graphics/Drawable.hpp...
Parsing file C:/Users/fabio_nocezmw/Documents/University/II_Sem_2026/Diseno_Software/lab1-projects/SFML/include/SFML/Graphics/Drawable.hpp...
Preprocessing C:/Users/fabio_nocezmw/Documents/University/II_Sem_2026/Diseno_Software/lab1-projects/SFML/include/SFML/Graphics/Export.hpp...
Parsing file C:/Users/fabio_nocezmw/Documents/University/II_Sem_2026/Diseno_Software/lab1-projects/SFML/include/SFML/Graphics/Export.hpp...
Preprocessing C:/Users/fabio_nocezmw/Documents/University/II_Sem_2026/Diseno_Software/lab1-projects/SFML/include/SFML/Graphics/Font.hpp...
Parsing file C:/Users/fabio_nocezmw/Documents/University/II_Sem_2026/Diseno_Software/lab1-projects/SFML/include/SFML/Graphics/Font.hpp...
Preprocessing C:/Users/fabio_nocezmw/Documents/University/II_Sem_2026/Diseno_Software/lab1-projects/SFML/include/SFML/Graphics/Glsl.hpp...
Parsing file C:/Users/fabio_nocezmw/Documents/University/II_Sem_2026/Diseno_Software/lab1-projects/SFML/include/SFML/Graphics/Glsl.hpp...
Preprocessing C:/Users/fabio_nocezmw/Documents/University/II_Sem_2026/Diseno_Software/lab1-projects/SFML/include/SFML/Graphics/Glyph.hpp...
Parsing file C:/Users/fabio_nocezmw/Documents/University/II_Sem_2026/Diseno_Software/lab1-projects/SFML/include/SFML/Graphics/Glyph.hpp...
Preprocessing C:/Users/fabio_nocezmw/Documents/University/II_Sem_2026/Diseno_Software/lab1-projects/SFML/include/SFML/Graphics/Image.hpp...
Parsing file C:/Users/fabio_nocezmw/Documents/University/II_Sem_2026/Diseno_Software/lab1-projects/SFML/include/SFML/Graphics/Image.hpp...
Preprocessing C:/Users/fabio_nocezmw/Documents/University/II_Sem_2026/Diseno_Software/lab1-projects/SFML/include/SFML/Graphics/PrimitiveType.hpp...
Parsing file C:/Users/fabio_nocezmw/Documents/University/II_Sem_2026/Diseno_Software/lab1-projects/SFML/include/SFML/Graphics/PrimitiveType.hpp...
Preprocessing C:/Users/fabio_nocezmw/Documents/University/II_Sem_2026/Diseno_Software/lab1-projects/SFML/include/SFML/Graphics/Rect.hpp...
Parsing file C:/Users/fabio_nocezmw/Documents/University/II_Sem_2026/Diseno_Software/lab1-projects/SFML/include/SFML/Graphics/Rect.hpp...
Preprocessing C:/Users/fabio_nocezmw/Documents/University/II_Sem_2026/Diseno_Software/lab1-projects/SFML/include/SFML/Graphics/RectangleShape.hpp...
Parsing file C:/Users/fabio_nocezmw/Documents/University/II_Sem_2026/Diseno_Software/lab1-projects/SFML/include/SFML/Graphics/RectangleShape.hpp...
Preprocessing C:/Users/fabio_nocezmw/Documents/University/II_Sem_2026/Diseno_Software/lab1-projects/SFML/include/SFML/Graphics/RenderStates.hpp...
Parsing file C:/Users/fabio_nocezmw/Documents/University/II_Sem_2026/Diseno_Software/lab1-projects/SFML/include/SFML/Graphics/RenderStates.hpp...
Preprocessing C:/Users/fabio_nocezmw/Documents/University/II_Sem_2026/Diseno_Software/lab1-projects/SFML/include/SFML/Graphics/RenderTarget.hpp...
Parsing file C:/Users/fabio_nocezmw/Documents/University/II_Sem_2026/Diseno_Software/lab1-projects/SFML/include/SFML/Graphics/RenderTarget.hpp...
Preprocessing C:/Users/fabio_nocezmw/Documents/University/II_Sem_2026/Diseno_Software/lab1-projects/SFML/include/SFML/Graphics/RenderTexture.hpp...
Parsing file C:/Users/fabio_nocezmw/Documents/University/II_Sem_2026/Diseno_Software/lab1-projects/SFML/include/SFML/Graphics/RenderTexture.hpp...
Preprocessing C:/Users/fabio_nocezmw/Documents/University/II_Sem_2026/Diseno_Software/lab1-projects/SFML/include/SFML/Graphics/RenderWindow.hpp...
Parsing file C:/Users/fabio_nocezmw/Documents/University/II_Sem_2026/Diseno_Software/lab1-projects/SFML/include/SFML/Graphics/RenderWindow.hpp...
Preprocessing C:/Users/fabio_nocezmw/Documents/University/II_Sem_2026/Diseno_Software/lab1-projects/SFML/include/SFML/Graphics/Shader.hpp...
Parsing file C:/Users/fabio_nocezmw/Documents/University/II_Sem_2026/Diseno_Software/lab1-projects/SFML/include/SFML/Graphics/Shader.hpp...
Preprocessing C:/Users/fabio_nocezmw/Documents/University/II_Sem_2026/Diseno_Software/lab1-projects/SFML/include/SFML/Graphics/Shape.hpp...
Parsing file C:/Users/fabio_nocezmw/Documents/University/II_Sem_2026/Diseno_Software/lab1-projects/SFML/include/SFML/Graphics/Shape.hpp...
Preprocessing C:/Users/fabio_nocezmw/Documents/University/II_Sem_2026/Diseno_Software/lab1-projects/SFML/include/SFML/Graphics/Sprite.hpp...
Parsing file C:/Users/fabio_nocezmw/Documents/University/II_Sem_2026/Diseno_Software/lab1-projects/SFML/include/SFML/Graphics/Sprite.hpp...
Preprocessing C:/Users/fabio_nocezmw/Documents/University/II_Sem_2026/Diseno_Software/lab1-projects/SFML/include/SFML/Graphics/StencilMode.hpp...
Parsing file C:/Users/fabio_nocezmw/Documents/University/II_Sem_2026/Diseno_Software/lab1-projects/SFML/include/SFML/Graphics/StencilMode.hpp...
Preprocessing C:/Users/fabio_nocezmw/Documents/University/II_Sem_2026/Diseno_Software/lab1-projects/SFML/include/SFML/Graphics/Text.hpp...
Parsing file C:/Users/fabio_nocezmw/Documents/University/II_Sem_2026/Diseno_Software/lab1-projects/SFML/include/SFML/Graphics/Text.hpp...
Preprocessing C:/Users/fabio_nocezmw/Documents/University/II_Sem_2026/Diseno_Software/lab1-projects/SFML/include/SFML/Graphics/Texture.hpp...
Parsing file C:/Users/fabio_nocezmw/Documents/University/II_Sem_2026/Diseno_Software/lab1-projects/SFML/include/SFML/Graphics/Texture.hpp...
Preprocessing C:/Users/fabio_nocezmw/Documents/University/II_Sem_2026/Diseno_Software/lab1-projects/SFML/include/SFML/Graphics/Transform.hpp...
Parsing file C:/Users/fabio_nocezmw/Documents/University/II_Sem_2026/Diseno_Software/lab1-projects/SFML/include/SFML/Graphics/Transform.hpp...
Preprocessing C:/Users/fabio_nocezmw/Documents/University/II_Sem_2026/Diseno_Software/lab1-projects/SFML/include/SFML/Graphics/Transformable.hpp...
Parsing file C:/Users/fabio_nocezmw/Documents/University/II_Sem_2026/Diseno_Software/lab1-projects/SFML/include/SFML/Graphics/Transformable.hpp...
Preprocessing C:/Users/fabio_nocezmw/Documents/University/II_Sem_2026/Diseno_Software/lab1-projects/SFML/include/SFML/Graphics/Vertex.hpp...
Parsing file C:/Users/fabio_nocezmw/Documents/University/II_Sem_2026/Diseno_Software/lab1-projects/SFML/include/SFML/Graphics/Vertex.hpp...
Preprocessing C:/Users/fabio_nocezmw/Documents/University/II_Sem_2026/Diseno_Software/lab1-projects/SFML/include/SFML/Graphics/VertexArray.hpp...
Parsing file C:/Users/fabio_nocezmw/Documents/University/II_Sem_2026/Diseno_Software/lab1-projects/SFML/include/SFML/Graphics/VertexArray.hpp...
Preprocessing C:/Users/fabio_nocezmw/Documents/University/II_Sem_2026/Diseno_Software/lab1-projects/SFML/include/SFML/Graphics/VertexBuffer.hpp...
Parsing file C:/Users/fabio_nocezmw/Documents/University/II_Sem_2026/Diseno_Software/lab1-projects/SFML/include/SFML/Graphics/VertexBuffer.hpp...
Preprocessing C:/Users/fabio_nocezmw/Documents/University/II_Sem_2026/Diseno_Software/lab1-projects/SFML/include/SFML/Graphics/View.hpp...
Parsing file C:/Users/fabio_nocezmw/Documents/University/II_Sem_2026/Diseno_Software/lab1-projects/SFML/include/SFML/Graphics/View.hpp...
Preprocessing C:/Users/fabio_nocezmw/Documents/University/II_Sem_2026/Diseno_Software/lab1-projects/SFML/include/SFML/Main.hpp...
Parsing file C:/Users/fabio_nocezmw/Documents/University/II_Sem_2026/Diseno_Software/lab1-projects/SFML/include/SFML/Main.hpp...
Preprocessing C:/Users/fabio_nocezmw/Documents/University/II_Sem_2026/Diseno_Software/lab1-projects/SFML/include/SFML/Network.hpp...
Parsing file C:/Users/fabio_nocezmw/Documents/University/II_Sem_2026/Diseno_Software/lab1-projects/SFML/include/SFML/Network.hpp...
Preprocessing C:/Users/fabio_nocezmw/Documents/University/II_Sem_2026/Diseno_Software/lab1-projects/SFML/include/SFML/Network/Dns.hpp...
Parsing file C:/Users/fabio_nocezmw/Documents/University/II_Sem_2026/Diseno_Software/lab1-projects/SFML/include/SFML/Network/Dns.hpp...
Preprocessing C:/Users/fabio_nocezmw/Documents/University/II_Sem_2026/Diseno_Software/lab1-projects/SFML/include/SFML/Network/Export.hpp...
Parsing file C:/Users/fabio_nocezmw/Documents/University/II_Sem_2026/Diseno_Software/lab1-projects/SFML/include/SFML/Network/Export.hpp...
Preprocessing C:/Users/fabio_nocezmw/Documents/University/II_Sem_2026/Diseno_Software/lab1-projects/SFML/include/SFML/Network/Ftp.hpp...
Parsing file C:/Users/fabio_nocezmw/Documents/University/II_Sem_2026/Diseno_Software/lab1-projects/SFML/include/SFML/Network/Ftp.hpp...
Preprocessing C:/Users/fabio_nocezmw/Documents/University/II_Sem_2026/Diseno_Software/lab1-projects/SFML/include/SFML/Network/Http.hpp...
Parsing file C:/Users/fabio_nocezmw/Documents/University/II_Sem_2026/Diseno_Software/lab1-projects/SFML/include/SFML/Network/Http.hpp...
Preprocessing C:/Users/fabio_nocezmw/Documents/University/II_Sem_2026/Diseno_Software/lab1-projects/SFML/include/SFML/Network/IpAddress.hpp...
Parsing file C:/Users/fabio_nocezmw/Documents/University/II_Sem_2026/Diseno_Software/lab1-projects/SFML/include/SFML/Network/IpAddress.hpp...
Preprocessing C:/Users/fabio_nocezmw/Documents/University/II_Sem_2026/Diseno_Software/lab1-projects/SFML/include/SFML/Network/Packet.hpp...
Parsing file C:/Users/fabio_nocezmw/Documents/University/II_Sem_2026/Diseno_Software/lab1-projects/SFML/include/SFML/Network/Packet.hpp...
Preprocessing C:/Users/fabio_nocezmw/Documents/University/II_Sem_2026/Diseno_Software/lab1-projects/SFML/include/SFML/Network/Sftp.hpp...
Parsing file C:/Users/fabio_nocezmw/Documents/University/II_Sem_2026/Diseno_Software/lab1-projects/SFML/include/SFML/Network/Sftp.hpp...
Preprocessing C:/Users/fabio_nocezmw/Documents/University/II_Sem_2026/Diseno_Software/lab1-projects/SFML/include/SFML/Network/Socket.hpp...
Parsing file C:/Users/fabio_nocezmw/Documents/University/II_Sem_2026/Diseno_Software/lab1-projects/SFML/include/SFML/Network/Socket.hpp...
Preprocessing C:/Users/fabio_nocezmw/Documents/University/II_Sem_2026/Diseno_Software/lab1-projects/SFML/include/SFML/Network/SocketHandle.hpp...
Parsing file C:/Users/fabio_nocezmw/Documents/University/II_Sem_2026/Diseno_Software/lab1-projects/SFML/include/SFML/Network/SocketHandle.hpp...
Preprocessing C:/Users/fabio_nocezmw/Documents/University/II_Sem_2026/Diseno_Software/lab1-projects/SFML/include/SFML/Network/SocketSelector.hpp...
Parsing file C:/Users/fabio_nocezmw/Documents/University/II_Sem_2026/Diseno_Software/lab1-projects/SFML/include/SFML/Network/SocketSelector.hpp...
Preprocessing C:/Users/fabio_nocezmw/Documents/University/II_Sem_2026/Diseno_Software/lab1-projects/SFML/include/SFML/Network/TcpListener.hpp...
Parsing file C:/Users/fabio_nocezmw/Documents/University/II_Sem_2026/Diseno_Software/lab1-projects/SFML/include/SFML/Network/TcpListener.hpp...
Preprocessing C:/Users/fabio_nocezmw/Documents/University/II_Sem_2026/Diseno_Software/lab1-projects/SFML/include/SFML/Network/TcpSocket.hpp...
Parsing file C:/Users/fabio_nocezmw/Documents/University/II_Sem_2026/Diseno_Software/lab1-projects/SFML/include/SFML/Network/TcpSocket.hpp...
Preprocessing C:/Users/fabio_nocezmw/Documents/University/II_Sem_2026/Diseno_Software/lab1-projects/SFML/include/SFML/Network/UdpSocket.hpp...
Parsing file C:/Users/fabio_nocezmw/Documents/University/II_Sem_2026/Diseno_Software/lab1-projects/SFML/include/SFML/Network/UdpSocket.hpp...
Preprocessing C:/Users/fabio_nocezmw/Documents/University/II_Sem_2026/Diseno_Software/lab1-projects/SFML/include/SFML/OpenGL.hpp...
Parsing file C:/Users/fabio_nocezmw/Documents/University/II_Sem_2026/Diseno_Software/lab1-projects/SFML/include/SFML/OpenGL.hpp...
Preprocessing C:/Users/fabio_nocezmw/Documents/University/II_Sem_2026/Diseno_Software/lab1-projects/SFML/include/SFML/System.hpp...
Parsing file C:/Users/fabio_nocezmw/Documents/University/II_Sem_2026/Diseno_Software/lab1-projects/SFML/include/SFML/System.hpp...
Preprocessing C:/Users/fabio_nocezmw/Documents/University/II_Sem_2026/Diseno_Software/lab1-projects/SFML/include/SFML/System/Angle.hpp...
Parsing file C:/Users/fabio_nocezmw/Documents/University/II_Sem_2026/Diseno_Software/lab1-projects/SFML/include/SFML/System/Angle.hpp...
Preprocessing C:/Users/fabio_nocezmw/Documents/University/II_Sem_2026/Diseno_Software/lab1-projects/SFML/include/SFML/System/Clock.hpp...
Parsing file C:/Users/fabio_nocezmw/Documents/University/II_Sem_2026/Diseno_Software/lab1-projects/SFML/include/SFML/System/Clock.hpp...
Preprocessing C:/Users/fabio_nocezmw/Documents/University/II_Sem_2026/Diseno_Software/lab1-projects/SFML/include/SFML/System/Err.hpp...
Parsing file C:/Users/fabio_nocezmw/Documents/University/II_Sem_2026/Diseno_Software/lab1-projects/SFML/include/SFML/System/Err.hpp...
Preprocessing C:/Users/fabio_nocezmw/Documents/University/II_Sem_2026/Diseno_Software/lab1-projects/SFML/include/SFML/System/Exception.hpp...
Parsing file C:/Users/fabio_nocezmw/Documents/University/II_Sem_2026/Diseno_Software/lab1-projects/SFML/include/SFML/System/Exception.hpp...
Preprocessing C:/Users/fabio_nocezmw/Documents/University/II_Sem_2026/Diseno_Software/lab1-projects/SFML/include/SFML/System/Export.hpp...
Parsing file C:/Users/fabio_nocezmw/Documents/University/II_Sem_2026/Diseno_Software/lab1-projects/SFML/include/SFML/System/Export.hpp...
Preprocessing C:/Users/fabio_nocezmw/Documents/University/II_Sem_2026/Diseno_Software/lab1-projects/SFML/include/SFML/System/FileInputStream.hpp...
Parsing file C:/Users/fabio_nocezmw/Documents/University/II_Sem_2026/Diseno_Software/lab1-projects/SFML/include/SFML/System/FileInputStream.hpp...
Preprocessing C:/Users/fabio_nocezmw/Documents/University/II_Sem_2026/Diseno_Software/lab1-projects/SFML/include/SFML/System/InputStream.hpp...
Parsing file C:/Users/fabio_nocezmw/Documents/University/II_Sem_2026/Diseno_Software/lab1-projects/SFML/include/SFML/System/InputStream.hpp...
Preprocessing C:/Users/fabio_nocezmw/Documents/University/II_Sem_2026/Diseno_Software/lab1-projects/SFML/include/SFML/System/MemoryInputStream.hpp...
Parsing file C:/Users/fabio_nocezmw/Documents/University/II_Sem_2026/Diseno_Software/lab1-projects/SFML/include/SFML/System/MemoryInputStream.hpp...
Preprocessing C:/Users/fabio_nocezmw/Documents/University/II_Sem_2026/Diseno_Software/lab1-projects/SFML/include/SFML/System/NativeActivity.hpp...
Parsing file C:/Users/fabio_nocezmw/Documents/University/II_Sem_2026/Diseno_Software/lab1-projects/SFML/include/SFML/System/NativeActivity.hpp...
Preprocessing C:/Users/fabio_nocezmw/Documents/University/II_Sem_2026/Diseno_Software/lab1-projects/SFML/include/SFML/System/Sleep.hpp...
Parsing file C:/Users/fabio_nocezmw/Documents/University/II_Sem_2026/Diseno_Software/lab1-projects/SFML/include/SFML/System/Sleep.hpp...
Preprocessing C:/Users/fabio_nocezmw/Documents/University/II_Sem_2026/Diseno_Software/lab1-projects/SFML/include/SFML/System/String.hpp...
Parsing file C:/Users/fabio_nocezmw/Documents/University/II_Sem_2026/Diseno_Software/lab1-projects/SFML/include/SFML/System/String.hpp...
Preprocessing C:/Users/fabio_nocezmw/Documents/University/II_Sem_2026/Diseno_Software/lab1-projects/SFML/include/SFML/System/SuspendAwareClock.hpp...
Parsing file C:/Users/fabio_nocezmw/Documents/University/II_Sem_2026/Diseno_Software/lab1-projects/SFML/include/SFML/System/SuspendAwareClock.hpp...
Preprocessing C:/Users/fabio_nocezmw/Documents/University/II_Sem_2026/Diseno_Software/lab1-projects/SFML/include/SFML/System/Time.hpp...
Parsing file C:/Users/fabio_nocezmw/Documents/University/II_Sem_2026/Diseno_Software/lab1-projects/SFML/include/SFML/System/Time.hpp...
Preprocessing C:/Users/fabio_nocezmw/Documents/University/II_Sem_2026/Diseno_Software/lab1-projects/SFML/include/SFML/System/TimeoutWithPredicate.hpp...
Parsing file C:/Users/fabio_nocezmw/Documents/University/II_Sem_2026/Diseno_Software/lab1-projects/SFML/include/SFML/System/TimeoutWithPredicate.hpp...
Preprocessing C:/Users/fabio_nocezmw/Documents/University/II_Sem_2026/Diseno_Software/lab1-projects/SFML/include/SFML/System/Utf.hpp...
Parsing file C:/Users/fabio_nocezmw/Documents/University/II_Sem_2026/Diseno_Software/lab1-projects/SFML/include/SFML/System/Utf.hpp...
Preprocessing C:/Users/fabio_nocezmw/Documents/University/II_Sem_2026/Diseno_Software/lab1-projects/SFML/include/SFML/System/Vector2.hpp...
Parsing file C:/Users/fabio_nocezmw/Documents/University/II_Sem_2026/Diseno_Software/lab1-projects/SFML/include/SFML/System/Vector2.hpp...
Preprocessing C:/Users/fabio_nocezmw/Documents/University/II_Sem_2026/Diseno_Software/lab1-projects/SFML/include/SFML/System/Vector3.hpp...
Parsing file C:/Users/fabio_nocezmw/Documents/University/II_Sem_2026/Diseno_Software/lab1-projects/SFML/include/SFML/System/Vector3.hpp...
Preprocessing C:/Users/fabio_nocezmw/Documents/University/II_Sem_2026/Diseno_Software/lab1-projects/SFML/include/SFML/System/Version.hpp...
Parsing file C:/Users/fabio_nocezmw/Documents/University/II_Sem_2026/Diseno_Software/lab1-projects/SFML/include/SFML/System/Version.hpp...
Preprocessing C:/Users/fabio_nocezmw/Documents/University/II_Sem_2026/Diseno_Software/lab1-projects/SFML/include/SFML/Window.hpp...
Parsing file C:/Users/fabio_nocezmw/Documents/University/II_Sem_2026/Diseno_Software/lab1-projects/SFML/include/SFML/Window.hpp...
Preprocessing C:/Users/fabio_nocezmw/Documents/University/II_Sem_2026/Diseno_Software/lab1-projects/SFML/include/SFML/Window/Clipboard.hpp...
Parsing file C:/Users/fabio_nocezmw/Documents/University/II_Sem_2026/Diseno_Software/lab1-projects/SFML/include/SFML/Window/Clipboard.hpp...
Preprocessing C:/Users/fabio_nocezmw/Documents/University/II_Sem_2026/Diseno_Software/lab1-projects/SFML/include/SFML/Window/Context.hpp...
Parsing file C:/Users/fabio_nocezmw/Documents/University/II_Sem_2026/Diseno_Software/lab1-projects/SFML/include/SFML/Window/Context.hpp...
Preprocessing C:/Users/fabio_nocezmw/Documents/University/II_Sem_2026/Diseno_Software/lab1-projects/SFML/include/SFML/Window/ContextSettings.hpp...
Parsing file C:/Users/fabio_nocezmw/Documents/University/II_Sem_2026/Diseno_Software/lab1-projects/SFML/include/SFML/Window/ContextSettings.hpp...
Preprocessing C:/Users/fabio_nocezmw/Documents/University/II_Sem_2026/Diseno_Software/lab1-projects/SFML/include/SFML/Window/Cursor.hpp...
Parsing file C:/Users/fabio_nocezmw/Documents/University/II_Sem_2026/Diseno_Software/lab1-projects/SFML/include/SFML/Window/Cursor.hpp...
Preprocessing C:/Users/fabio_nocezmw/Documents/University/II_Sem_2026/Diseno_Software/lab1-projects/SFML/include/SFML/Window/Event.hpp...
Parsing file C:/Users/fabio_nocezmw/Documents/University/II_Sem_2026/Diseno_Software/lab1-projects/SFML/include/SFML/Window/Event.hpp...
Preprocessing C:/Users/fabio_nocezmw/Documents/University/II_Sem_2026/Diseno_Software/lab1-projects/SFML/include/SFML/Window/Export.hpp...
Parsing file C:/Users/fabio_nocezmw/Documents/University/II_Sem_2026/Diseno_Software/lab1-projects/SFML/include/SFML/Window/Export.hpp...
Preprocessing C:/Users/fabio_nocezmw/Documents/University/II_Sem_2026/Diseno_Software/lab1-projects/SFML/include/SFML/Window/GlResource.hpp...
Parsing file C:/Users/fabio_nocezmw/Documents/University/II_Sem_2026/Diseno_Software/lab1-projects/SFML/include/SFML/Window/GlResource.hpp...
Preprocessing C:/Users/fabio_nocezmw/Documents/University/II_Sem_2026/Diseno_Software/lab1-projects/SFML/include/SFML/Window/Joystick.hpp...
Parsing file C:/Users/fabio_nocezmw/Documents/University/II_Sem_2026/Diseno_Software/lab1-projects/SFML/include/SFML/Window/Joystick.hpp...
Preprocessing C:/Users/fabio_nocezmw/Documents/University/II_Sem_2026/Diseno_Software/lab1-projects/SFML/include/SFML/Window/Keyboard.hpp...
Parsing file C:/Users/fabio_nocezmw/Documents/University/II_Sem_2026/Diseno_Software/lab1-projects/SFML/include/SFML/Window/Keyboard.hpp...
Preprocessing C:/Users/fabio_nocezmw/Documents/University/II_Sem_2026/Diseno_Software/lab1-projects/SFML/include/SFML/Window/Mouse.hpp...
Parsing file C:/Users/fabio_nocezmw/Documents/University/II_Sem_2026/Diseno_Software/lab1-projects/SFML/include/SFML/Window/Mouse.hpp...
Preprocessing C:/Users/fabio_nocezmw/Documents/University/II_Sem_2026/Diseno_Software/lab1-projects/SFML/include/SFML/Window/Sensor.hpp...
Parsing file C:/Users/fabio_nocezmw/Documents/University/II_Sem_2026/Diseno_Software/lab1-projects/SFML/include/SFML/Window/Sensor.hpp...
Preprocessing C:/Users/fabio_nocezmw/Documents/University/II_Sem_2026/Diseno_Software/lab1-projects/SFML/include/SFML/Window/Touch.hpp...
Parsing file C:/Users/fabio_nocezmw/Documents/University/II_Sem_2026/Diseno_Software/lab1-projects/SFML/include/SFML/Window/Touch.hpp...
Preprocessing C:/Users/fabio_nocezmw/Documents/University/II_Sem_2026/Diseno_Software/lab1-projects/SFML/include/SFML/Window/VideoMode.hpp...
Parsing file C:/Users/fabio_nocezmw/Documents/University/II_Sem_2026/Diseno_Software/lab1-projects/SFML/include/SFML/Window/VideoMode.hpp...
Preprocessing C:/Users/fabio_nocezmw/Documents/University/II_Sem_2026/Diseno_Software/lab1-projects/SFML/include/SFML/Window/Vulkan.hpp...
Parsing file C:/Users/fabio_nocezmw/Documents/University/II_Sem_2026/Diseno_Software/lab1-projects/SFML/include/SFML/Window/Vulkan.hpp...
Preprocessing C:/Users/fabio_nocezmw/Documents/University/II_Sem_2026/Diseno_Software/lab1-projects/SFML/include/SFML/Window/Window.hpp...
Parsing file C:/Users/fabio_nocezmw/Documents/University/II_Sem_2026/Diseno_Software/lab1-projects/SFML/include/SFML/Window/Window.hpp...
Preprocessing C:/Users/fabio_nocezmw/Documents/University/II_Sem_2026/Diseno_Software/lab1-projects/SFML/include/SFML/Window/WindowBase.hpp...
Parsing file C:/Users/fabio_nocezmw/Documents/University/II_Sem_2026/Diseno_Software/lab1-projects/SFML/include/SFML/Window/WindowBase.hpp...
Preprocessing C:/Users/fabio_nocezmw/Documents/University/II_Sem_2026/Diseno_Software/lab1-projects/SFML/include/SFML/Window/WindowEnums.hpp...
Parsing file C:/Users/fabio_nocezmw/Documents/University/II_Sem_2026/Diseno_Software/lab1-projects/SFML/include/SFML/Window/WindowEnums.hpp...
Preprocessing C:/Users/fabio_nocezmw/Documents/University/II_Sem_2026/Diseno_Software/lab1-projects/SFML/include/SFML/Window/WindowHandle.hpp...
Parsing file C:/Users/fabio_nocezmw/Documents/University/II_Sem_2026/Diseno_Software/lab1-projects/SFML/include/SFML/Window/WindowHandle.hpp...
Preprocessing C:/Users/fabio_nocezmw/Documents/University/II_Sem_2026/Diseno_Software/lab1-projects/SFML/src/SFML/Audio/AudioDevice.cpp...
Parsing file C:/Users/fabio_nocezmw/Documents/University/II_Sem_2026/Diseno_Software/lab1-projects/SFML/src/SFML/Audio/AudioDevice.cpp...
Preprocessing C:/Users/fabio_nocezmw/Documents/University/II_Sem_2026/Diseno_Software/lab1-projects/SFML/src/SFML/Audio/AudioDevice.hpp...
Parsing file C:/Users/fabio_nocezmw/Documents/University/II_Sem_2026/Diseno_Software/lab1-projects/SFML/src/SFML/Audio/AudioDevice.hpp...
Preprocessing C:/Users/fabio_nocezmw/Documents/University/II_Sem_2026/Diseno_Software/lab1-projects/SFML/src/SFML/Audio/AudioResource.cpp...
Parsing file C:/Users/fabio_nocezmw/Documents/University/II_Sem_2026/Diseno_Software/lab1-projects/SFML/src/SFML/Audio/AudioResource.cpp...
Preprocessing C:/Users/fabio_nocezmw/Documents/University/II_Sem_2026/Diseno_Software/lab1-projects/SFML/src/SFML/Audio/InputSoundFile.cpp...
Parsing file C:/Users/fabio_nocezmw/Documents/University/II_Sem_2026/Diseno_Software/lab1-projects/SFML/src/SFML/Audio/InputSoundFile.cpp...
Preprocessing C:/Users/fabio_nocezmw/Documents/University/II_Sem_2026/Diseno_Software/lab1-projects/SFML/src/SFML/Audio/Listener.cpp...
Parsing file C:/Users/fabio_nocezmw/Documents/University/II_Sem_2026/Diseno_Software/lab1-projects/SFML/src/SFML/Audio/Listener.cpp...
Preprocessing C:/Users/fabio_nocezmw/Documents/University/II_Sem_2026/Diseno_Software/lab1-projects/SFML/src/SFML/Audio/Miniaudio.cpp...
Parsing file C:/Users/fabio_nocezmw/Documents/University/II_Sem_2026/Diseno_Software/lab1-projects/SFML/src/SFML/Audio/Miniaudio.cpp...
Preprocessing C:/Users/fabio_nocezmw/Documents/University/II_Sem_2026/Diseno_Software/lab1-projects/SFML/src/SFML/Audio/MiniaudioUtils.cpp...
Parsing file C:/Users/fabio_nocezmw/Documents/University/II_Sem_2026/Diseno_Software/lab1-projects/SFML/src/SFML/Audio/MiniaudioUtils.cpp...
Preprocessing C:/Users/fabio_nocezmw/Documents/University/II_Sem_2026/Diseno_Software/lab1-projects/SFML/src/SFML/Audio/MiniaudioUtils.hpp...
Parsing file C:/Users/fabio_nocezmw/Documents/University/II_Sem_2026/Diseno_Software/lab1-projects/SFML/src/SFML/Audio/MiniaudioUtils.hpp...
Preprocessing C:/Users/fabio_nocezmw/Documents/University/II_Sem_2026/Diseno_Software/lab1-projects/SFML/src/SFML/Audio/Music.cpp...
Parsing file C:/Users/fabio_nocezmw/Documents/University/II_Sem_2026/Diseno_Software/lab1-projects/SFML/src/SFML/Audio/Music.cpp...
Preprocessing C:/Users/fabio_nocezmw/Documents/University/II_Sem_2026/Diseno_Software/lab1-projects/SFML/src/SFML/Audio/OutputSoundFile.cpp...
Parsing file C:/Users/fabio_nocezmw/Documents/University/II_Sem_2026/Diseno_Software/lab1-projects/SFML/src/SFML/Audio/OutputSoundFile.cpp...
Preprocessing C:/Users/fabio_nocezmw/Documents/University/II_Sem_2026/Diseno_Software/lab1-projects/SFML/src/SFML/Audio/PlaybackDevice.cpp...
Parsing file C:/Users/fabio_nocezmw/Documents/University/II_Sem_2026/Diseno_Software/lab1-projects/SFML/src/SFML/Audio/PlaybackDevice.cpp...
Preprocessing C:/Users/fabio_nocezmw/Documents/University/II_Sem_2026/Diseno_Software/lab1-projects/SFML/src/SFML/Audio/Sound.cpp...
Parsing file C:/Users/fabio_nocezmw/Documents/University/II_Sem_2026/Diseno_Software/lab1-projects/SFML/src/SFML/Audio/Sound.cpp...
Preprocessing C:/Users/fabio_nocezmw/Documents/University/II_Sem_2026/Diseno_Software/lab1-projects/SFML/src/SFML/Audio/SoundBuffer.cpp...
Parsing file C:/Users/fabio_nocezmw/Documents/University/II_Sem_2026/Diseno_Software/lab1-projects/SFML/src/SFML/Audio/SoundBuffer.cpp...
Preprocessing C:/Users/fabio_nocezmw/Documents/University/II_Sem_2026/Diseno_Software/lab1-projects/SFML/src/SFML/Audio/SoundBufferRecorder.cpp...
Parsing file C:/Users/fabio_nocezmw/Documents/University/II_Sem_2026/Diseno_Software/lab1-projects/SFML/src/SFML/Audio/SoundBufferRecorder.cpp...
Preprocessing C:/Users/fabio_nocezmw/Documents/University/II_Sem_2026/Diseno_Software/lab1-projects/SFML/src/SFML/Audio/SoundFileFactory.cpp...
Parsing file C:/Users/fabio_nocezmw/Documents/University/II_Sem_2026/Diseno_Software/lab1-projects/SFML/src/SFML/Audio/SoundFileFactory.cpp...
Preprocessing C:/Users/fabio_nocezmw/Documents/University/II_Sem_2026/Diseno_Software/lab1-projects/SFML/src/SFML/Audio/SoundFileReaderFlac.cpp...
Parsing file C:/Users/fabio_nocezmw/Documents/University/II_Sem_2026/Diseno_Software/lab1-projects/SFML/src/SFML/Audio/SoundFileReaderFlac.cpp...
Preprocessing C:/Users/fabio_nocezmw/Documents/University/II_Sem_2026/Diseno_Software/lab1-projects/SFML/src/SFML/Audio/SoundFileReaderFlac.hpp...
Parsing file C:/Users/fabio_nocezmw/Documents/University/II_Sem_2026/Diseno_Software/lab1-projects/SFML/src/SFML/Audio/SoundFileReaderFlac.hpp...
Preprocessing C:/Users/fabio_nocezmw/Documents/University/II_Sem_2026/Diseno_Software/lab1-projects/SFML/src/SFML/Audio/SoundFileReaderMp3.cpp...
Parsing file C:/Users/fabio_nocezmw/Documents/University/II_Sem_2026/Diseno_Software/lab1-projects/SFML/src/SFML/Audio/SoundFileReaderMp3.cpp...
Preprocessing C:/Users/fabio_nocezmw/Documents/University/II_Sem_2026/Diseno_Software/lab1-projects/SFML/src/SFML/Audio/SoundFileReaderMp3.hpp...
Parsing file C:/Users/fabio_nocezmw/Documents/University/II_Sem_2026/Diseno_Software/lab1-projects/SFML/src/SFML/Audio/SoundFileReaderMp3.hpp...
Preprocessing C:/Users/fabio_nocezmw/Documents/University/II_Sem_2026/Diseno_Software/lab1-projects/SFML/src/SFML/Audio/SoundFileReaderOgg.cpp...
Parsing file C:/Users/fabio_nocezmw/Documents/University/II_Sem_2026/Diseno_Software/lab1-projects/SFML/src/SFML/Audio/SoundFileReaderOgg.cpp...
Preprocessing C:/Users/fabio_nocezmw/Documents/University/II_Sem_2026/Diseno_Software/lab1-projects/SFML/src/SFML/Audio/SoundFileReaderOgg.hpp...
Parsing file C:/Users/fabio_nocezmw/Documents/University/II_Sem_2026/Diseno_Software/lab1-projects/SFML/src/SFML/Audio/SoundFileReaderOgg.hpp...
Preprocessing C:/Users/fabio_nocezmw/Documents/University/II_Sem_2026/Diseno_Software/lab1-projects/SFML/src/SFML/Audio/SoundFileReaderWav.cpp...
Parsing file C:/Users/fabio_nocezmw/Documents/University/II_Sem_2026/Diseno_Software/lab1-projects/SFML/src/SFML/Audio/SoundFileReaderWav.cpp...
Preprocessing C:/Users/fabio_nocezmw/Documents/University/II_Sem_2026/Diseno_Software/lab1-projects/SFML/src/SFML/Audio/SoundFileReaderWav.hpp...
Parsing file C:/Users/fabio_nocezmw/Documents/University/II_Sem_2026/Diseno_Software/lab1-projects/SFML/src/SFML/Audio/SoundFileReaderWav.hpp...
Preprocessing C:/Users/fabio_nocezmw/Documents/University/II_Sem_2026/Diseno_Software/lab1-projects/SFML/src/SFML/Audio/SoundFileWriterFlac.cpp...
Parsing file C:/Users/fabio_nocezmw/Documents/University/II_Sem_2026/Diseno_Software/lab1-projects/SFML/src/SFML/Audio/SoundFileWriterFlac.cpp...
Preprocessing C:/Users/fabio_nocezmw/Documents/University/II_Sem_2026/Diseno_Software/lab1-projects/SFML/src/SFML/Audio/SoundFileWriterFlac.hpp...
Parsing file C:/Users/fabio_nocezmw/Documents/University/II_Sem_2026/Diseno_Software/lab1-projects/SFML/src/SFML/Audio/SoundFileWriterFlac.hpp...
Preprocessing C:/Users/fabio_nocezmw/Documents/University/II_Sem_2026/Diseno_Software/lab1-projects/SFML/src/SFML/Audio/SoundFileWriterOgg.cpp...
Parsing file C:/Users/fabio_nocezmw/Documents/University/II_Sem_2026/Diseno_Software/lab1-projects/SFML/src/SFML/Audio/SoundFileWriterOgg.cpp...
Preprocessing C:/Users/fabio_nocezmw/Documents/University/II_Sem_2026/Diseno_Software/lab1-projects/SFML/src/SFML/Audio/SoundFileWriterOgg.hpp...
Parsing file C:/Users/fabio_nocezmw/Documents/University/II_Sem_2026/Diseno_Software/lab1-projects/SFML/src/SFML/Audio/SoundFileWriterOgg.hpp...
Preprocessing C:/Users/fabio_nocezmw/Documents/University/II_Sem_2026/Diseno_Software/lab1-projects/SFML/src/SFML/Audio/SoundFileWriterWav.cpp...
Parsing file C:/Users/fabio_nocezmw/Documents/University/II_Sem_2026/Diseno_Software/lab1-projects/SFML/src/SFML/Audio/SoundFileWriterWav.cpp...
Preprocessing C:/Users/fabio_nocezmw/Documents/University/II_Sem_2026/Diseno_Software/lab1-projects/SFML/src/SFML/Audio/SoundFileWriterWav.hpp...
Parsing file C:/Users/fabio_nocezmw/Documents/University/II_Sem_2026/Diseno_Software/lab1-projects/SFML/src/SFML/Audio/SoundFileWriterWav.hpp...
Preprocessing C:/Users/fabio_nocezmw/Documents/University/II_Sem_2026/Diseno_Software/lab1-projects/SFML/src/SFML/Audio/SoundRecorder.cpp...
Parsing file C:/Users/fabio_nocezmw/Documents/University/II_Sem_2026/Diseno_Software/lab1-projects/SFML/src/SFML/Audio/SoundRecorder.cpp...
Preprocessing C:/Users/fabio_nocezmw/Documents/University/II_Sem_2026/Diseno_Software/lab1-projects/SFML/src/SFML/Audio/SoundSource.cpp...
Parsing file C:/Users/fabio_nocezmw/Documents/University/II_Sem_2026/Diseno_Software/lab1-projects/SFML/src/SFML/Audio/SoundSource.cpp...
Preprocessing C:/Users/fabio_nocezmw/Documents/University/II_Sem_2026/Diseno_Software/lab1-projects/SFML/src/SFML/Audio/SoundStream.cpp...
Parsing file C:/Users/fabio_nocezmw/Documents/University/II_Sem_2026/Diseno_Software/lab1-projects/SFML/src/SFML/Audio/SoundStream.cpp...
Preprocessing C:/Users/fabio_nocezmw/Documents/University/II_Sem_2026/Diseno_Software/lab1-projects/SFML/src/SFML/Graphics/BlendMode.cpp...
Parsing file C:/Users/fabio_nocezmw/Documents/University/II_Sem_2026/Diseno_Software/lab1-projects/SFML/src/SFML/Graphics/BlendMode.cpp...
Preprocessing C:/Users/fabio_nocezmw/Documents/University/II_Sem_2026/Diseno_Software/lab1-projects/SFML/src/SFML/Graphics/CircleShape.cpp...
Parsing file C:/Users/fabio_nocezmw/Documents/University/II_Sem_2026/Diseno_Software/lab1-projects/SFML/src/SFML/Graphics/CircleShape.cpp...
Preprocessing C:/Users/fabio_nocezmw/Documents/University/II_Sem_2026/Diseno_Software/lab1-projects/SFML/src/SFML/Graphics/ConvexShape.cpp...
Parsing file C:/Users/fabio_nocezmw/Documents/University/II_Sem_2026/Diseno_Software/lab1-projects/SFML/src/SFML/Graphics/ConvexShape.cpp...
Preprocessing C:/Users/fabio_nocezmw/Documents/University/II_Sem_2026/Diseno_Software/lab1-projects/SFML/src/SFML/Graphics/Font.cpp...
Parsing file C:/Users/fabio_nocezmw/Documents/University/II_Sem_2026/Diseno_Software/lab1-projects/SFML/src/SFML/Graphics/Font.cpp...
Preprocessing C:/Users/fabio_nocezmw/Documents/University/II_Sem_2026/Diseno_Software/lab1-projects/SFML/src/SFML/Graphics/GLCheck.cpp...
Parsing file C:/Users/fabio_nocezmw/Documents/University/II_Sem_2026/Diseno_Software/lab1-projects/SFML/src/SFML/Graphics/GLCheck.cpp...
Preprocessing C:/Users/fabio_nocezmw/Documents/University/II_Sem_2026/Diseno_Software/lab1-projects/SFML/src/SFML/Graphics/GLCheck.hpp...
Parsing file C:/Users/fabio_nocezmw/Documents/University/II_Sem_2026/Diseno_Software/lab1-projects/SFML/src/SFML/Graphics/GLCheck.hpp...
Preprocessing C:/Users/fabio_nocezmw/Documents/University/II_Sem_2026/Diseno_Software/lab1-projects/SFML/src/SFML/Graphics/GLExtensions.cpp...
Parsing file C:/Users/fabio_nocezmw/Documents/University/II_Sem_2026/Diseno_Software/lab1-projects/SFML/src/SFML/Graphics/GLExtensions.cpp...
Preprocessing C:/Users/fabio_nocezmw/Documents/University/II_Sem_2026/Diseno_Software/lab1-projects/SFML/src/SFML/Graphics/GLExtensions.hpp...
Parsing file C:/Users/fabio_nocezmw/Documents/University/II_Sem_2026/Diseno_Software/lab1-projects/SFML/src/SFML/Graphics/GLExtensions.hpp...
Preprocessing C:/Users/fabio_nocezmw/Documents/University/II_Sem_2026/Diseno_Software/lab1-projects/SFML/src/SFML/Graphics/Glsl.cpp...
Parsing file C:/Users/fabio_nocezmw/Documents/University/II_Sem_2026/Diseno_Software/lab1-projects/SFML/src/SFML/Graphics/Glsl.cpp...
Preprocessing C:/Users/fabio_nocezmw/Documents/University/II_Sem_2026/Diseno_Software/lab1-projects/SFML/src/SFML/Graphics/Image.cpp...
Parsing file C:/Users/fabio_nocezmw/Documents/University/II_Sem_2026/Diseno_Software/lab1-projects/SFML/src/SFML/Graphics/Image.cpp...
Preprocessing C:/Users/fabio_nocezmw/Documents/University/II_Sem_2026/Diseno_Software/lab1-projects/SFML/src/SFML/Graphics/RectangleShape.cpp...
Parsing file C:/Users/fabio_nocezmw/Documents/University/II_Sem_2026/Diseno_Software/lab1-projects/SFML/src/SFML/Graphics/RectangleShape.cpp...
Preprocessing C:/Users/fabio_nocezmw/Documents/University/II_Sem_2026/Diseno_Software/lab1-projects/SFML/src/SFML/Graphics/RenderStates.cpp...
Parsing file C:/Users/fabio_nocezmw/Documents/University/II_Sem_2026/Diseno_Software/lab1-projects/SFML/src/SFML/Graphics/RenderStates.cpp...
Preprocessing C:/Users/fabio_nocezmw/Documents/University/II_Sem_2026/Diseno_Software/lab1-projects/SFML/src/SFML/Graphics/RenderTarget.cpp...
Parsing file C:/Users/fabio_nocezmw/Documents/University/II_Sem_2026/Diseno_Software/lab1-projects/SFML/src/SFML/Graphics/RenderTarget.cpp...
Preprocessing C:/Users/fabio_nocezmw/Documents/University/II_Sem_2026/Diseno_Software/lab1-projects/SFML/src/SFML/Graphics/RenderTexture.cpp...
Parsing file C:/Users/fabio_nocezmw/Documents/University/II_Sem_2026/Diseno_Software/lab1-projects/SFML/src/SFML/Graphics/RenderTexture.cpp...
Preprocessing C:/Users/fabio_nocezmw/Documents/University/II_Sem_2026/Diseno_Software/lab1-projects/SFML/src/SFML/Graphics/RenderTextureImpl.hpp...
Parsing file C:/Users/fabio_nocezmw/Documents/University/II_Sem_2026/Diseno_Software/lab1-projects/SFML/src/SFML/Graphics/RenderTextureImpl.hpp...
Preprocessing C:/Users/fabio_nocezmw/Documents/University/II_Sem_2026/Diseno_Software/lab1-projects/SFML/src/SFML/Graphics/RenderTextureImplDefault.cpp...
Parsing file C:/Users/fabio_nocezmw/Documents/University/II_Sem_2026/Diseno_Software/lab1-projects/SFML/src/SFML/Graphics/RenderTextureImplDefault.cpp...
Preprocessing C:/Users/fabio_nocezmw/Documents/University/II_Sem_2026/Diseno_Software/lab1-projects/SFML/src/SFML/Graphics/RenderTextureImplDefault.hpp...
Parsing file C:/Users/fabio_nocezmw/Documents/University/II_Sem_2026/Diseno_Software/lab1-projects/SFML/src/SFML/Graphics/RenderTextureImplDefault.hpp...
Preprocessing C:/Users/fabio_nocezmw/Documents/University/II_Sem_2026/Diseno_Software/lab1-projects/SFML/src/SFML/Graphics/RenderTextureImplFBO.cpp...
Parsing file C:/Users/fabio_nocezmw/Documents/University/II_Sem_2026/Diseno_Software/lab1-projects/SFML/src/SFML/Graphics/RenderTextureImplFBO.cpp...
Preprocessing C:/Users/fabio_nocezmw/Documents/University/II_Sem_2026/Diseno_Software/lab1-projects/SFML/src/SFML/Graphics/RenderTextureImplFBO.hpp...
Parsing file C:/Users/fabio_nocezmw/Documents/University/II_Sem_2026/Diseno_Software/lab1-projects/SFML/src/SFML/Graphics/RenderTextureImplFBO.hpp...
Preprocessing C:/Users/fabio_nocezmw/Documents/University/II_Sem_2026/Diseno_Software/lab1-projects/SFML/src/SFML/Graphics/RenderWindow.cpp...
Parsing file C:/Users/fabio_nocezmw/Documents/University/II_Sem_2026/Diseno_Software/lab1-projects/SFML/src/SFML/Graphics/RenderWindow.cpp...
Preprocessing C:/Users/fabio_nocezmw/Documents/University/II_Sem_2026/Diseno_Software/lab1-projects/SFML/src/SFML/Graphics/Shader.cpp...
Parsing file C:/Users/fabio_nocezmw/Documents/University/II_Sem_2026/Diseno_Software/lab1-projects/SFML/src/SFML/Graphics/Shader.cpp...
Preprocessing C:/Users/fabio_nocezmw/Documents/University/II_Sem_2026/Diseno_Software/lab1-projects/SFML/src/SFML/Graphics/Shape.cpp...
Parsing file C:/Users/fabio_nocezmw/Documents/University/II_Sem_2026/Diseno_Software/lab1-projects/SFML/src/SFML/Graphics/Shape.cpp...
Preprocessing C:/Users/fabio_nocezmw/Documents/University/II_Sem_2026/Diseno_Software/lab1-projects/SFML/src/SFML/Graphics/Sprite.cpp...
Parsing file C:/Users/fabio_nocezmw/Documents/University/II_Sem_2026/Diseno_Software/lab1-projects/SFML/src/SFML/Graphics/Sprite.cpp...
Preprocessing C:/Users/fabio_nocezmw/Documents/University/II_Sem_2026/Diseno_Software/lab1-projects/SFML/src/SFML/Graphics/StencilMode.cpp...
Parsing file C:/Users/fabio_nocezmw/Documents/University/II_Sem_2026/Diseno_Software/lab1-projects/SFML/src/SFML/Graphics/StencilMode.cpp...
Preprocessing C:/Users/fabio_nocezmw/Documents/University/II_Sem_2026/Diseno_Software/lab1-projects/SFML/src/SFML/Graphics/Text.cpp...
Parsing file C:/Users/fabio_nocezmw/Documents/University/II_Sem_2026/Diseno_Software/lab1-projects/SFML/src/SFML/Graphics/Text.cpp...
Preprocessing C:/Users/fabio_nocezmw/Documents/University/II_Sem_2026/Diseno_Software/lab1-projects/SFML/src/SFML/Graphics/Texture.cpp...
Parsing file C:/Users/fabio_nocezmw/Documents/University/II_Sem_2026/Diseno_Software/lab1-projects/SFML/src/SFML/Graphics/Texture.cpp...
Preprocessing C:/Users/fabio_nocezmw/Documents/University/II_Sem_2026/Diseno_Software/lab1-projects/SFML/src/SFML/Graphics/TextureSaver.cpp...
Parsing file C:/Users/fabio_nocezmw/Documents/University/II_Sem_2026/Diseno_Software/lab1-projects/SFML/src/SFML/Graphics/TextureSaver.cpp...
Preprocessing C:/Users/fabio_nocezmw/Documents/University/II_Sem_2026/Diseno_Software/lab1-projects/SFML/src/SFML/Graphics/TextureSaver.hpp...
Parsing file C:/Users/fabio_nocezmw/Documents/University/II_Sem_2026/Diseno_Software/lab1-projects/SFML/src/SFML/Graphics/TextureSaver.hpp...
Preprocessing C:/Users/fabio_nocezmw/Documents/University/II_Sem_2026/Diseno_Software/lab1-projects/SFML/src/SFML/Graphics/Transform.cpp...
Parsing file C:/Users/fabio_nocezmw/Documents/University/II_Sem_2026/Diseno_Software/lab1-projects/SFML/src/SFML/Graphics/Transform.cpp...
Preprocessing C:/Users/fabio_nocezmw/Documents/University/II_Sem_2026/Diseno_Software/lab1-projects/SFML/src/SFML/Graphics/Transformable.cpp...
Parsing file C:/Users/fabio_nocezmw/Documents/University/II_Sem_2026/Diseno_Software/lab1-projects/SFML/src/SFML/Graphics/Transformable.cpp...
Preprocessing C:/Users/fabio_nocezmw/Documents/University/II_Sem_2026/Diseno_Software/lab1-projects/SFML/src/SFML/Graphics/VertexArray.cpp...
Parsing file C:/Users/fabio_nocezmw/Documents/University/II_Sem_2026/Diseno_Software/lab1-projects/SFML/src/SFML/Graphics/VertexArray.cpp...
Preprocessing C:/Users/fabio_nocezmw/Documents/University/II_Sem_2026/Diseno_Software/lab1-projects/SFML/src/SFML/Graphics/VertexBuffer.cpp...
Parsing file C:/Users/fabio_nocezmw/Documents/University/II_Sem_2026/Diseno_Software/lab1-projects/SFML/src/SFML/Graphics/VertexBuffer.cpp...
Preprocessing C:/Users/fabio_nocezmw/Documents/University/II_Sem_2026/Diseno_Software/lab1-projects/SFML/src/SFML/Graphics/View.cpp...
Parsing file C:/Users/fabio_nocezmw/Documents/University/II_Sem_2026/Diseno_Software/lab1-projects/SFML/src/SFML/Graphics/View.cpp...
Preprocessing C:/Users/fabio_nocezmw/Documents/University/II_Sem_2026/Diseno_Software/lab1-projects/SFML/src/SFML/Main/MainAndroid.cpp...
Parsing file C:/Users/fabio_nocezmw/Documents/University/II_Sem_2026/Diseno_Software/lab1-projects/SFML/src/SFML/Main/MainAndroid.cpp...
Preprocessing C:/Users/fabio_nocezmw/Documents/University/II_Sem_2026/Diseno_Software/lab1-projects/SFML/src/SFML/Main/MainWin32.cpp...
Parsing file C:/Users/fabio_nocezmw/Documents/University/II_Sem_2026/Diseno_Software/lab1-projects/SFML/src/SFML/Main/MainWin32.cpp...
Preprocessing C:/Users/fabio_nocezmw/Documents/University/II_Sem_2026/Diseno_Software/lab1-projects/SFML/src/SFML/Network/Dns.cpp...
Parsing file C:/Users/fabio_nocezmw/Documents/University/II_Sem_2026/Diseno_Software/lab1-projects/SFML/src/SFML/Network/Dns.cpp...
Preprocessing C:/Users/fabio_nocezmw/Documents/University/II_Sem_2026/Diseno_Software/lab1-projects/SFML/src/SFML/Network/Ftp.cpp...
Parsing file C:/Users/fabio_nocezmw/Documents/University/II_Sem_2026/Diseno_Software/lab1-projects/SFML/src/SFML/Network/Ftp.cpp...
Preprocessing C:/Users/fabio_nocezmw/Documents/University/II_Sem_2026/Diseno_Software/lab1-projects/SFML/src/SFML/Network/Http.cpp...
Parsing file C:/Users/fabio_nocezmw/Documents/University/II_Sem_2026/Diseno_Software/lab1-projects/SFML/src/SFML/Network/Http.cpp...
Preprocessing C:/Users/fabio_nocezmw/Documents/University/II_Sem_2026/Diseno_Software/lab1-projects/SFML/src/SFML/Network/IpAddress.cpp...
Parsing file C:/Users/fabio_nocezmw/Documents/University/II_Sem_2026/Diseno_Software/lab1-projects/SFML/src/SFML/Network/IpAddress.cpp...
Preprocessing C:/Users/fabio_nocezmw/Documents/University/II_Sem_2026/Diseno_Software/lab1-projects/SFML/src/SFML/Network/Packet.cpp...
Parsing file C:/Users/fabio_nocezmw/Documents/University/II_Sem_2026/Diseno_Software/lab1-projects/SFML/src/SFML/Network/Packet.cpp...
Preprocessing C:/Users/fabio_nocezmw/Documents/University/II_Sem_2026/Diseno_Software/lab1-projects/SFML/src/SFML/Network/Sftp.cpp...
Parsing file C:/Users/fabio_nocezmw/Documents/University/II_Sem_2026/Diseno_Software/lab1-projects/SFML/src/SFML/Network/Sftp.cpp...
Preprocessing C:/Users/fabio_nocezmw/Documents/University/II_Sem_2026/Diseno_Software/lab1-projects/SFML/src/SFML/Network/Socket.cpp...
Parsing file C:/Users/fabio_nocezmw/Documents/University/II_Sem_2026/Diseno_Software/lab1-projects/SFML/src/SFML/Network/Socket.cpp...
Preprocessing C:/Users/fabio_nocezmw/Documents/University/II_Sem_2026/Diseno_Software/lab1-projects/SFML/src/SFML/Network/SocketImpl.hpp...
Parsing file C:/Users/fabio_nocezmw/Documents/University/II_Sem_2026/Diseno_Software/lab1-projects/SFML/src/SFML/Network/SocketImpl.hpp...
Preprocessing C:/Users/fabio_nocezmw/Documents/University/II_Sem_2026/Diseno_Software/lab1-projects/SFML/src/SFML/Network/SocketSelector.cpp...
Parsing file C:/Users/fabio_nocezmw/Documents/University/II_Sem_2026/Diseno_Software/lab1-projects/SFML/src/SFML/Network/SocketSelector.cpp...
Preprocessing C:/Users/fabio_nocezmw/Documents/University/II_Sem_2026/Diseno_Software/lab1-projects/SFML/src/SFML/Network/TcpListener.cpp...
Parsing file C:/Users/fabio_nocezmw/Documents/University/II_Sem_2026/Diseno_Software/lab1-projects/SFML/src/SFML/Network/TcpListener.cpp...
Preprocessing C:/Users/fabio_nocezmw/Documents/University/II_Sem_2026/Diseno_Software/lab1-projects/SFML/src/SFML/Network/TcpSocket.cpp...
Parsing file C:/Users/fabio_nocezmw/Documents/University/II_Sem_2026/Diseno_Software/lab1-projects/SFML/src/SFML/Network/TcpSocket.cpp...
Preprocessing C:/Users/fabio_nocezmw/Documents/University/II_Sem_2026/Diseno_Software/lab1-projects/SFML/src/SFML/Network/UdpSocket.cpp...
Parsing file C:/Users/fabio_nocezmw/Documents/University/II_Sem_2026/Diseno_Software/lab1-projects/SFML/src/SFML/Network/UdpSocket.cpp...
Preprocessing C:/Users/fabio_nocezmw/Documents/University/II_Sem_2026/Diseno_Software/lab1-projects/SFML/src/SFML/Network/Unix/SocketImpl.cpp...
Parsing file C:/Users/fabio_nocezmw/Documents/University/II_Sem_2026/Diseno_Software/lab1-projects/SFML/src/SFML/Network/Unix/SocketImpl.cpp...
Preprocessing C:/Users/fabio_nocezmw/Documents/University/II_Sem_2026/Diseno_Software/lab1-projects/SFML/src/SFML/Network/Win32/SocketImpl.cpp...
Parsing file C:/Users/fabio_nocezmw/Documents/University/II_Sem_2026/Diseno_Software/lab1-projects/SFML/src/SFML/Network/Win32/SocketImpl.cpp...
Preprocessing C:/Users/fabio_nocezmw/Documents/University/II_Sem_2026/Diseno_Software/lab1-projects/SFML/src/SFML/PCH.hpp...
Parsing file C:/Users/fabio_nocezmw/Documents/University/II_Sem_2026/Diseno_Software/lab1-projects/SFML/src/SFML/PCH.hpp...
Preprocessing C:/Users/fabio_nocezmw/Documents/University/II_Sem_2026/Diseno_Software/lab1-projects/SFML/src/SFML/System/Android/Activity.cpp...
Parsing file C:/Users/fabio_nocezmw/Documents/University/II_Sem_2026/Diseno_Software/lab1-projects/SFML/src/SFML/System/Android/Activity.cpp...
Preprocessing C:/Users/fabio_nocezmw/Documents/University/II_Sem_2026/Diseno_Software/lab1-projects/SFML/src/SFML/System/Android/Activity.hpp...
Parsing file C:/Users/fabio_nocezmw/Documents/University/II_Sem_2026/Diseno_Software/lab1-projects/SFML/src/SFML/System/Android/Activity.hpp...
Preprocessing C:/Users/fabio_nocezmw/Documents/University/II_Sem_2026/Diseno_Software/lab1-projects/SFML/src/SFML/System/Android/NativeActivity.cpp...
Parsing file C:/Users/fabio_nocezmw/Documents/University/II_Sem_2026/Diseno_Software/lab1-projects/SFML/src/SFML/System/Android/NativeActivity.cpp...
Preprocessing C:/Users/fabio_nocezmw/Documents/University/II_Sem_2026/Diseno_Software/lab1-projects/SFML/src/SFML/System/Android/ResourceStream.cpp...
Parsing file C:/Users/fabio_nocezmw/Documents/University/II_Sem_2026/Diseno_Software/lab1-projects/SFML/src/SFML/System/Android/ResourceStream.cpp...
Preprocessing C:/Users/fabio_nocezmw/Documents/University/II_Sem_2026/Diseno_Software/lab1-projects/SFML/src/SFML/System/Android/ResourceStream.hpp...
Parsing file C:/Users/fabio_nocezmw/Documents/University/II_Sem_2026/Diseno_Software/lab1-projects/SFML/src/SFML/System/Android/ResourceStream.hpp...
Preprocessing C:/Users/fabio_nocezmw/Documents/University/II_Sem_2026/Diseno_Software/lab1-projects/SFML/src/SFML/System/Android/SuspendAwareClock.cpp...
Parsing file C:/Users/fabio_nocezmw/Documents/University/II_Sem_2026/Diseno_Software/lab1-projects/SFML/src/SFML/System/Android/SuspendAwareClock.cpp...
Preprocessing C:/Users/fabio_nocezmw/Documents/University/II_Sem_2026/Diseno_Software/lab1-projects/SFML/src/SFML/System/Clock.cpp...
Parsing file C:/Users/fabio_nocezmw/Documents/University/II_Sem_2026/Diseno_Software/lab1-projects/SFML/src/SFML/System/Clock.cpp...
Preprocessing C:/Users/fabio_nocezmw/Documents/University/II_Sem_2026/Diseno_Software/lab1-projects/SFML/src/SFML/System/EnumArray.hpp...
Parsing file C:/Users/fabio_nocezmw/Documents/University/II_Sem_2026/Diseno_Software/lab1-projects/SFML/src/SFML/System/EnumArray.hpp...
Preprocessing C:/Users/fabio_nocezmw/Documents/University/II_Sem_2026/Diseno_Software/lab1-projects/SFML/src/SFML/System/Err.cpp...
Parsing file C:/Users/fabio_nocezmw/Documents/University/II_Sem_2026/Diseno_Software/lab1-projects/SFML/src/SFML/System/Err.cpp...
Preprocessing C:/Users/fabio_nocezmw/Documents/University/II_Sem_2026/Diseno_Software/lab1-projects/SFML/src/SFML/System/FileInputStream.cpp...
Parsing file C:/Users/fabio_nocezmw/Documents/University/II_Sem_2026/Diseno_Software/lab1-projects/SFML/src/SFML/System/FileInputStream.cpp...
Preprocessing C:/Users/fabio_nocezmw/Documents/University/II_Sem_2026/Diseno_Software/lab1-projects/SFML/src/SFML/System/MemoryInputStream.cpp...
Parsing file C:/Users/fabio_nocezmw/Documents/University/II_Sem_2026/Diseno_Software/lab1-projects/SFML/src/SFML/System/MemoryInputStream.cpp...
Preprocessing C:/Users/fabio_nocezmw/Documents/University/II_Sem_2026/Diseno_Software/lab1-projects/SFML/src/SFML/System/Sleep.cpp...
Parsing file C:/Users/fabio_nocezmw/Documents/University/II_Sem_2026/Diseno_Software/lab1-projects/SFML/src/SFML/System/Sleep.cpp...
Preprocessing C:/Users/fabio_nocezmw/Documents/University/II_Sem_2026/Diseno_Software/lab1-projects/SFML/src/SFML/System/String.cpp...
Parsing file C:/Users/fabio_nocezmw/Documents/University/II_Sem_2026/Diseno_Software/lab1-projects/SFML/src/SFML/System/String.cpp...
Preprocessing C:/Users/fabio_nocezmw/Documents/University/II_Sem_2026/Diseno_Software/lab1-projects/SFML/src/SFML/System/TimeoutWithPredicate.cpp...
Parsing file C:/Users/fabio_nocezmw/Documents/University/II_Sem_2026/Diseno_Software/lab1-projects/SFML/src/SFML/System/TimeoutWithPredicate.cpp...
Preprocessing C:/Users/fabio_nocezmw/Documents/University/II_Sem_2026/Diseno_Software/lab1-projects/SFML/src/SFML/System/Unix/SleepImpl.cpp...
Parsing file C:/Users/fabio_nocezmw/Documents/University/II_Sem_2026/Diseno_Software/lab1-projects/SFML/src/SFML/System/Unix/SleepImpl.cpp...
Preprocessing C:/Users/fabio_nocezmw/Documents/University/II_Sem_2026/Diseno_Software/lab1-projects/SFML/src/SFML/System/Unix/SleepImpl.hpp...
Parsing file C:/Users/fabio_nocezmw/Documents/University/II_Sem_2026/Diseno_Software/lab1-projects/SFML/src/SFML/System/Unix/SleepImpl.hpp...
Preprocessing C:/Users/fabio_nocezmw/Documents/University/II_Sem_2026/Diseno_Software/lab1-projects/SFML/src/SFML/System/Utils.cpp...
Parsing file C:/Users/fabio_nocezmw/Documents/University/II_Sem_2026/Diseno_Software/lab1-projects/SFML/src/SFML/System/Utils.cpp...
Preprocessing C:/Users/fabio_nocezmw/Documents/University/II_Sem_2026/Diseno_Software/lab1-projects/SFML/src/SFML/System/Utils.hpp...
Parsing file C:/Users/fabio_nocezmw/Documents/University/II_Sem_2026/Diseno_Software/lab1-projects/SFML/src/SFML/System/Utils.hpp...
Preprocessing C:/Users/fabio_nocezmw/Documents/University/II_Sem_2026/Diseno_Software/lab1-projects/SFML/src/SFML/System/Version.cpp...
Parsing file C:/Users/fabio_nocezmw/Documents/University/II_Sem_2026/Diseno_Software/lab1-projects/SFML/src/SFML/System/Version.cpp...
Preprocessing C:/Users/fabio_nocezmw/Documents/University/II_Sem_2026/Diseno_Software/lab1-projects/SFML/src/SFML/System/Win32/SleepImpl.cpp...
Parsing file C:/Users/fabio_nocezmw/Documents/University/II_Sem_2026/Diseno_Software/lab1-projects/SFML/src/SFML/System/Win32/SleepImpl.cpp...
Preprocessing C:/Users/fabio_nocezmw/Documents/University/II_Sem_2026/Diseno_Software/lab1-projects/SFML/src/SFML/System/Win32/SleepImpl.hpp...
Parsing file C:/Users/fabio_nocezmw/Documents/University/II_Sem_2026/Diseno_Software/lab1-projects/SFML/src/SFML/System/Win32/SleepImpl.hpp...
Preprocessing C:/Users/fabio_nocezmw/Documents/University/II_Sem_2026/Diseno_Software/lab1-projects/SFML/src/SFML/System/Win32/WindowsHeader.hpp...
Parsing file C:/Users/fabio_nocezmw/Documents/University/II_Sem_2026/Diseno_Software/lab1-projects/SFML/src/SFML/System/Win32/WindowsHeader.hpp...
Preprocessing C:/Users/fabio_nocezmw/Documents/University/II_Sem_2026/Diseno_Software/lab1-projects/SFML/src/SFML/Window/Android/ClipboardImpl.cpp...
Parsing file C:/Users/fabio_nocezmw/Documents/University/II_Sem_2026/Diseno_Software/lab1-projects/SFML/src/SFML/Window/Android/ClipboardImpl.cpp...
Preprocessing C:/Users/fabio_nocezmw/Documents/University/II_Sem_2026/Diseno_Software/lab1-projects/SFML/src/SFML/Window/Android/ClipboardImpl.hpp...
Parsing file C:/Users/fabio_nocezmw/Documents/University/II_Sem_2026/Diseno_Software/lab1-projects/SFML/src/SFML/Window/Android/ClipboardImpl.hpp...
Preprocessing C:/Users/fabio_nocezmw/Documents/University/II_Sem_2026/Diseno_Software/lab1-projects/SFML/src/SFML/Window/Android/CursorImpl.cpp...
Parsing file C:/Users/fabio_nocezmw/Documents/University/II_Sem_2026/Diseno_Software/lab1-projects/SFML/src/SFML/Window/Android/CursorImpl.cpp...
Preprocessing C:/Users/fabio_nocezmw/Documents/University/II_Sem_2026/Diseno_Software/lab1-projects/SFML/src/SFML/Window/Android/CursorImpl.hpp...
Parsing file C:/Users/fabio_nocezmw/Documents/University/II_Sem_2026/Diseno_Software/lab1-projects/SFML/src/SFML/Window/Android/CursorImpl.hpp...
Preprocessing C:/Users/fabio_nocezmw/Documents/University/II_Sem_2026/Diseno_Software/lab1-projects/SFML/src/SFML/Window/Android/InputImpl.cpp...
Parsing file C:/Users/fabio_nocezmw/Documents/University/II_Sem_2026/Diseno_Software/lab1-projects/SFML/src/SFML/Window/Android/InputImpl.cpp...
Preprocessing C:/Users/fabio_nocezmw/Documents/University/II_Sem_2026/Diseno_Software/lab1-projects/SFML/src/SFML/Window/Android/JniHelper.cpp...
Parsing file C:/Users/fabio_nocezmw/Documents/University/II_Sem_2026/Diseno_Software/lab1-projects/SFML/src/SFML/Window/Android/JniHelper.cpp...
Preprocessing C:/Users/fabio_nocezmw/Documents/University/II_Sem_2026/Diseno_Software/lab1-projects/SFML/src/SFML/Window/Android/JniHelper.hpp...
Parsing file C:/Users/fabio_nocezmw/Documents/University/II_Sem_2026/Diseno_Software/lab1-projects/SFML/src/SFML/Window/Android/JniHelper.hpp...
Preprocessing C:/Users/fabio_nocezmw/Documents/University/II_Sem_2026/Diseno_Software/lab1-projects/SFML/src/SFML/Window/Android/JoystickButton.hpp...
Parsing file C:/Users/fabio_nocezmw/Documents/University/II_Sem_2026/Diseno_Software/lab1-projects/SFML/src/SFML/Window/Android/JoystickButton.hpp...
Preprocessing C:/Users/fabio_nocezmw/Documents/University/II_Sem_2026/Diseno_Software/lab1-projects/SFML/src/SFML/Window/Android/JoystickImpl.cpp...
Parsing file C:/Users/fabio_nocezmw/Documents/University/II_Sem_2026/Diseno_Software/lab1-projects/SFML/src/SFML/Window/Android/JoystickImpl.cpp...
Preprocessing C:/Users/fabio_nocezmw/Documents/University/II_Sem_2026/Diseno_Software/lab1-projects/SFML/src/SFML/Window/Android/JoystickImpl.hpp...
Parsing file C:/Users/fabio_nocezmw/Documents/University/II_Sem_2026/Diseno_Software/lab1-projects/SFML/src/SFML/Window/Android/JoystickImpl.hpp...
Preprocessing C:/Users/fabio_nocezmw/Documents/University/II_Sem_2026/Diseno_Software/lab1-projects/SFML/src/SFML/Window/Android/SensorImpl.cpp...
Parsing file C:/Users/fabio_nocezmw/Documents/University/II_Sem_2026/Diseno_Software/lab1-projects/SFML/src/SFML/Window/Android/SensorImpl.cpp...
Preprocessing C:/Users/fabio_nocezmw/Documents/University/II_Sem_2026/Diseno_Software/lab1-projects/SFML/src/SFML/Window/Android/SensorImpl.hpp...
Parsing file C:/Users/fabio_nocezmw/Documents/University/II_Sem_2026/Diseno_Software/lab1-projects/SFML/src/SFML/Window/Android/SensorImpl.hpp...
Preprocessing C:/Users/fabio_nocezmw/Documents/University/II_Sem_2026/Diseno_Software/lab1-projects/SFML/src/SFML/Window/Android/VideoModeImpl.cpp...
Parsing file C:/Users/fabio_nocezmw/Documents/University/II_Sem_2026/Diseno_Software/lab1-projects/SFML/src/SFML/Window/Android/VideoModeImpl.cpp...
Preprocessing C:/Users/fabio_nocezmw/Documents/University/II_Sem_2026/Diseno_Software/lab1-projects/SFML/src/SFML/Window/Android/WindowImplAndroid.cpp...
Parsing file C:/Users/fabio_nocezmw/Documents/University/II_Sem_2026/Diseno_Software/lab1-projects/SFML/src/SFML/Window/Android/WindowImplAndroid.cpp...
Preprocessing C:/Users/fabio_nocezmw/Documents/University/II_Sem_2026/Diseno_Software/lab1-projects/SFML/src/SFML/Window/Android/WindowImplAndroid.hpp...
Parsing file C:/Users/fabio_nocezmw/Documents/University/II_Sem_2026/Diseno_Software/lab1-projects/SFML/src/SFML/Window/Android/WindowImplAndroid.hpp...
Preprocessing C:/Users/fabio_nocezmw/Documents/University/II_Sem_2026/Diseno_Software/lab1-projects/SFML/src/SFML/Window/Clipboard.cpp...
Parsing file C:/Users/fabio_nocezmw/Documents/University/II_Sem_2026/Diseno_Software/lab1-projects/SFML/src/SFML/Window/Clipboard.cpp...
Preprocessing C:/Users/fabio_nocezmw/Documents/University/II_Sem_2026/Diseno_Software/lab1-projects/SFML/src/SFML/Window/ClipboardImpl.hpp...
Parsing file C:/Users/fabio_nocezmw/Documents/University/II_Sem_2026/Diseno_Software/lab1-projects/SFML/src/SFML/Window/ClipboardImpl.hpp...
Preprocessing C:/Users/fabio_nocezmw/Documents/University/II_Sem_2026/Diseno_Software/lab1-projects/SFML/src/SFML/Window/Context.cpp...
Parsing file C:/Users/fabio_nocezmw/Documents/University/II_Sem_2026/Diseno_Software/lab1-projects/SFML/src/SFML/Window/Context.cpp...
Preprocessing C:/Users/fabio_nocezmw/Documents/University/II_Sem_2026/Diseno_Software/lab1-projects/SFML/src/SFML/Window/Cursor.cpp...
Parsing file C:/Users/fabio_nocezmw/Documents/University/II_Sem_2026/Diseno_Software/lab1-projects/SFML/src/SFML/Window/Cursor.cpp...
Preprocessing C:/Users/fabio_nocezmw/Documents/University/II_Sem_2026/Diseno_Software/lab1-projects/SFML/src/SFML/Window/CursorImpl.hpp...
Parsing file C:/Users/fabio_nocezmw/Documents/University/II_Sem_2026/Diseno_Software/lab1-projects/SFML/src/SFML/Window/CursorImpl.hpp...
Preprocessing C:/Users/fabio_nocezmw/Documents/University/II_Sem_2026/Diseno_Software/lab1-projects/SFML/src/SFML/Window/DRM/ClipboardImpl.cpp...
Parsing file C:/Users/fabio_nocezmw/Documents/University/II_Sem_2026/Diseno_Software/lab1-projects/SFML/src/SFML/Window/DRM/ClipboardImpl.cpp...
Preprocessing C:/Users/fabio_nocezmw/Documents/University/II_Sem_2026/Diseno_Software/lab1-projects/SFML/src/SFML/Window/DRM/ClipboardImpl.hpp...
Parsing file C:/Users/fabio_nocezmw/Documents/University/II_Sem_2026/Diseno_Software/lab1-projects/SFML/src/SFML/Window/DRM/ClipboardImpl.hpp...
Preprocessing C:/Users/fabio_nocezmw/Documents/University/II_Sem_2026/Diseno_Software/lab1-projects/SFML/src/SFML/Window/DRM/CursorImpl.cpp...
Parsing file C:/Users/fabio_nocezmw/Documents/University/II_Sem_2026/Diseno_Software/lab1-projects/SFML/src/SFML/Window/DRM/CursorImpl.cpp...
Preprocessing C:/Users/fabio_nocezmw/Documents/University/II_Sem_2026/Diseno_Software/lab1-projects/SFML/src/SFML/Window/DRM/CursorImpl.hpp...
Parsing file C:/Users/fabio_nocezmw/Documents/University/II_Sem_2026/Diseno_Software/lab1-projects/SFML/src/SFML/Window/DRM/CursorImpl.hpp...
Preprocessing C:/Users/fabio_nocezmw/Documents/University/II_Sem_2026/Diseno_Software/lab1-projects/SFML/src/SFML/Window/DRM/DRMContext.cpp...
Parsing file C:/Users/fabio_nocezmw/Documents/University/II_Sem_2026/Diseno_Software/lab1-projects/SFML/src/SFML/Window/DRM/DRMContext.cpp...
Preprocessing C:/Users/fabio_nocezmw/Documents/University/II_Sem_2026/Diseno_Software/lab1-projects/SFML/src/SFML/Window/DRM/DRMContext.hpp...
Parsing file C:/Users/fabio_nocezmw/Documents/University/II_Sem_2026/Diseno_Software/lab1-projects/SFML/src/SFML/Window/DRM/DRMContext.hpp...
Preprocessing C:/Users/fabio_nocezmw/Documents/University/II_Sem_2026/Diseno_Software/lab1-projects/SFML/src/SFML/Window/DRM/InputImpl.cpp...
Parsing file C:/Users/fabio_nocezmw/Documents/University/II_Sem_2026/Diseno_Software/lab1-projects/SFML/src/SFML/Window/DRM/InputImpl.cpp...
Preprocessing C:/Users/fabio_nocezmw/Documents/University/II_Sem_2026/Diseno_Software/lab1-projects/SFML/src/SFML/Window/DRM/VideoModeImpl.cpp...
Parsing file C:/Users/fabio_nocezmw/Documents/University/II_Sem_2026/Diseno_Software/lab1-projects/SFML/src/SFML/Window/DRM/VideoModeImpl.cpp...
Preprocessing C:/Users/fabio_nocezmw/Documents/University/II_Sem_2026/Diseno_Software/lab1-projects/SFML/src/SFML/Window/DRM/WindowImplDRM.cpp...
Parsing file C:/Users/fabio_nocezmw/Documents/University/II_Sem_2026/Diseno_Software/lab1-projects/SFML/src/SFML/Window/DRM/WindowImplDRM.cpp...
Preprocessing C:/Users/fabio_nocezmw/Documents/University/II_Sem_2026/Diseno_Software/lab1-projects/SFML/src/SFML/Window/DRM/WindowImplDRM.hpp...
Parsing file C:/Users/fabio_nocezmw/Documents/University/II_Sem_2026/Diseno_Software/lab1-projects/SFML/src/SFML/Window/DRM/WindowImplDRM.hpp...
Preprocessing C:/Users/fabio_nocezmw/Documents/University/II_Sem_2026/Diseno_Software/lab1-projects/SFML/src/SFML/Window/EGLCheck.cpp...
Parsing file C:/Users/fabio_nocezmw/Documents/University/II_Sem_2026/Diseno_Software/lab1-projects/SFML/src/SFML/Window/EGLCheck.cpp...
Preprocessing C:/Users/fabio_nocezmw/Documents/University/II_Sem_2026/Diseno_Software/lab1-projects/SFML/src/SFML/Window/EGLCheck.hpp...
Parsing file C:/Users/fabio_nocezmw/Documents/University/II_Sem_2026/Diseno_Software/lab1-projects/SFML/src/SFML/Window/EGLCheck.hpp...
Preprocessing C:/Users/fabio_nocezmw/Documents/University/II_Sem_2026/Diseno_Software/lab1-projects/SFML/src/SFML/Window/EglContext.cpp...
Parsing file C:/Users/fabio_nocezmw/Documents/University/II_Sem_2026/Diseno_Software/lab1-projects/SFML/src/SFML/Window/EglContext.cpp...
Preprocessing C:/Users/fabio_nocezmw/Documents/University/II_Sem_2026/Diseno_Software/lab1-projects/SFML/src/SFML/Window/EglContext.hpp...
Parsing file C:/Users/fabio_nocezmw/Documents/University/II_Sem_2026/Diseno_Software/lab1-projects/SFML/src/SFML/Window/EglContext.hpp...
Preprocessing C:/Users/fabio_nocezmw/Documents/University/II_Sem_2026/Diseno_Software/lab1-projects/SFML/src/SFML/Window/FreeBSD/JoystickImpl.cpp...
Parsing file C:/Users/fabio_nocezmw/Documents/University/II_Sem_2026/Diseno_Software/lab1-projects/SFML/src/SFML/Window/FreeBSD/JoystickImpl.cpp...
Preprocessing C:/Users/fabio_nocezmw/Documents/University/II_Sem_2026/Diseno_Software/lab1-projects/SFML/src/SFML/Window/FreeBSD/JoystickImpl.hpp...
Parsing file C:/Users/fabio_nocezmw/Documents/University/II_Sem_2026/Diseno_Software/lab1-projects/SFML/src/SFML/Window/FreeBSD/JoystickImpl.hpp...
Preprocessing C:/Users/fabio_nocezmw/Documents/University/II_Sem_2026/Diseno_Software/lab1-projects/SFML/src/SFML/Window/GlContext.cpp...
Parsing file C:/Users/fabio_nocezmw/Documents/University/II_Sem_2026/Diseno_Software/lab1-projects/SFML/src/SFML/Window/GlContext.cpp...
Preprocessing C:/Users/fabio_nocezmw/Documents/University/II_Sem_2026/Diseno_Software/lab1-projects/SFML/src/SFML/Window/GlContext.hpp...
Parsing file C:/Users/fabio_nocezmw/Documents/University/II_Sem_2026/Diseno_Software/lab1-projects/SFML/src/SFML/Window/GlContext.hpp...
Preprocessing C:/Users/fabio_nocezmw/Documents/University/II_Sem_2026/Diseno_Software/lab1-projects/SFML/src/SFML/Window/GlResource.cpp...
Parsing file C:/Users/fabio_nocezmw/Documents/University/II_Sem_2026/Diseno_Software/lab1-projects/SFML/src/SFML/Window/GlResource.cpp...
Preprocessing C:/Users/fabio_nocezmw/Documents/University/II_Sem_2026/Diseno_Software/lab1-projects/SFML/src/SFML/Window/InputImpl.hpp...
Parsing file C:/Users/fabio_nocezmw/Documents/University/II_Sem_2026/Diseno_Software/lab1-projects/SFML/src/SFML/Window/InputImpl.hpp...
Preprocessing C:/Users/fabio_nocezmw/Documents/University/II_Sem_2026/Diseno_Software/lab1-projects/SFML/src/SFML/Window/iOS/ClipboardImpl.hpp...
Parsing file C:/Users/fabio_nocezmw/Documents/University/II_Sem_2026/Diseno_Software/lab1-projects/SFML/src/SFML/Window/iOS/ClipboardImpl.hpp...
Preprocessing C:/Users/fabio_nocezmw/Documents/University/II_Sem_2026/Diseno_Software/lab1-projects/SFML/src/SFML/Window/iOS/CursorImpl.cpp...
Parsing file C:/Users/fabio_nocezmw/Documents/University/II_Sem_2026/Diseno_Software/lab1-projects/SFML/src/SFML/Window/iOS/CursorImpl.cpp...
Preprocessing C:/Users/fabio_nocezmw/Documents/University/II_Sem_2026/Diseno_Software/lab1-projects/SFML/src/SFML/Window/iOS/CursorImpl.hpp...
Parsing file C:/Users/fabio_nocezmw/Documents/University/II_Sem_2026/Diseno_Software/lab1-projects/SFML/src/SFML/Window/iOS/CursorImpl.hpp...
Preprocessing C:/Users/fabio_nocezmw/Documents/University/II_Sem_2026/Diseno_Software/lab1-projects/SFML/src/SFML/Window/iOS/EaglContext.hpp...
Parsing file C:/Users/fabio_nocezmw/Documents/University/II_Sem_2026/Diseno_Software/lab1-projects/SFML/src/SFML/Window/iOS/EaglContext.hpp...
Preprocessing C:/Users/fabio_nocezmw/Documents/University/II_Sem_2026/Diseno_Software/lab1-projects/SFML/src/SFML/Window/iOS/JoystickImpl.hpp...
Parsing file C:/Users/fabio_nocezmw/Documents/University/II_Sem_2026/Diseno_Software/lab1-projects/SFML/src/SFML/Window/iOS/JoystickImpl.hpp...
Preprocessing C:/Users/fabio_nocezmw/Documents/University/II_Sem_2026/Diseno_Software/lab1-projects/SFML/src/SFML/Window/iOS/ObjCType.hpp...
Parsing file C:/Users/fabio_nocezmw/Documents/University/II_Sem_2026/Diseno_Software/lab1-projects/SFML/src/SFML/Window/iOS/ObjCType.hpp...
Preprocessing C:/Users/fabio_nocezmw/Documents/University/II_Sem_2026/Diseno_Software/lab1-projects/SFML/src/SFML/Window/iOS/SensorImpl.hpp...
Parsing file C:/Users/fabio_nocezmw/Documents/University/II_Sem_2026/Diseno_Software/lab1-projects/SFML/src/SFML/Window/iOS/SensorImpl.hpp...
Preprocessing C:/Users/fabio_nocezmw/Documents/University/II_Sem_2026/Diseno_Software/lab1-projects/SFML/src/SFML/Window/iOS/SFAppDelegate.hpp...
Parsing file C:/Users/fabio_nocezmw/Documents/University/II_Sem_2026/Diseno_Software/lab1-projects/SFML/src/SFML/Window/iOS/SFAppDelegate.hpp...
Preprocessing C:/Users/fabio_nocezmw/Documents/University/II_Sem_2026/Diseno_Software/lab1-projects/SFML/src/SFML/Window/iOS/SFMain.hpp...
Parsing file C:/Users/fabio_nocezmw/Documents/University/II_Sem_2026/Diseno_Software/lab1-projects/SFML/src/SFML/Window/iOS/SFMain.hpp...
Preprocessing C:/Users/fabio_nocezmw/Documents/University/II_Sem_2026/Diseno_Software/lab1-projects/SFML/src/SFML/Window/iOS/SFView.hpp...
Parsing file C:/Users/fabio_nocezmw/Documents/University/II_Sem_2026/Diseno_Software/lab1-projects/SFML/src/SFML/Window/iOS/SFView.hpp...
Preprocessing C:/Users/fabio_nocezmw/Documents/University/II_Sem_2026/Diseno_Software/lab1-projects/SFML/src/SFML/Window/iOS/SFViewController.hpp...
Parsing file C:/Users/fabio_nocezmw/Documents/University/II_Sem_2026/Diseno_Software/lab1-projects/SFML/src/SFML/Window/iOS/SFViewController.hpp...
Preprocessing C:/Users/fabio_nocezmw/Documents/University/II_Sem_2026/Diseno_Software/lab1-projects/SFML/src/SFML/Window/iOS/WindowImplUIKit.hpp...
Parsing file C:/Users/fabio_nocezmw/Documents/University/II_Sem_2026/Diseno_Software/lab1-projects/SFML/src/SFML/Window/iOS/WindowImplUIKit.hpp...
Preprocessing C:/Users/fabio_nocezmw/Documents/University/II_Sem_2026/Diseno_Software/lab1-projects/SFML/src/SFML/Window/Joystick.cpp...
Parsing file C:/Users/fabio_nocezmw/Documents/University/II_Sem_2026/Diseno_Software/lab1-projects/SFML/src/SFML/Window/Joystick.cpp...
Preprocessing C:/Users/fabio_nocezmw/Documents/University/II_Sem_2026/Diseno_Software/lab1-projects/SFML/src/SFML/Window/JoystickImpl.hpp...
Parsing file C:/Users/fabio_nocezmw/Documents/University/II_Sem_2026/Diseno_Software/lab1-projects/SFML/src/SFML/Window/JoystickImpl.hpp...
Preprocessing C:/Users/fabio_nocezmw/Documents/University/II_Sem_2026/Diseno_Software/lab1-projects/SFML/src/SFML/Window/JoystickManager.cpp...
Parsing file C:/Users/fabio_nocezmw/Documents/University/II_Sem_2026/Diseno_Software/lab1-projects/SFML/src/SFML/Window/JoystickManager.cpp...
Preprocessing C:/Users/fabio_nocezmw/Documents/University/II_Sem_2026/Diseno_Software/lab1-projects/SFML/src/SFML/Window/JoystickManager.hpp...
Parsing file C:/Users/fabio_nocezmw/Documents/University/II_Sem_2026/Diseno_Software/lab1-projects/SFML/src/SFML/Window/JoystickManager.hpp...
Preprocessing C:/Users/fabio_nocezmw/Documents/University/II_Sem_2026/Diseno_Software/lab1-projects/SFML/src/SFML/Window/Keyboard.cpp...
Parsing file C:/Users/fabio_nocezmw/Documents/University/II_Sem_2026/Diseno_Software/lab1-projects/SFML/src/SFML/Window/Keyboard.cpp...
Preprocessing C:/Users/fabio_nocezmw/Documents/University/II_Sem_2026/Diseno_Software/lab1-projects/SFML/src/SFML/Window/macOS/AutoreleasePoolWrapper.hpp...
Parsing file C:/Users/fabio_nocezmw/Documents/University/II_Sem_2026/Diseno_Software/lab1-projects/SFML/src/SFML/Window/macOS/AutoreleasePoolWrapper.hpp...
Preprocessing C:/Users/fabio_nocezmw/Documents/University/II_Sem_2026/Diseno_Software/lab1-projects/SFML/src/SFML/Window/macOS/cg_sf_conversion.hpp...
Parsing file C:/Users/fabio_nocezmw/Documents/University/II_Sem_2026/Diseno_Software/lab1-projects/SFML/src/SFML/Window/macOS/cg_sf_conversion.hpp...
Preprocessing C:/Users/fabio_nocezmw/Documents/University/II_Sem_2026/Diseno_Software/lab1-projects/SFML/src/SFML/Window/macOS/ClipboardImpl.hpp...
Parsing file C:/Users/fabio_nocezmw/Documents/University/II_Sem_2026/Diseno_Software/lab1-projects/SFML/src/SFML/Window/macOS/ClipboardImpl.hpp...
Preprocessing C:/Users/fabio_nocezmw/Documents/University/II_Sem_2026/Diseno_Software/lab1-projects/SFML/src/SFML/Window/macOS/CursorImpl.hpp...
Parsing file C:/Users/fabio_nocezmw/Documents/University/II_Sem_2026/Diseno_Software/lab1-projects/SFML/src/SFML/Window/macOS/CursorImpl.hpp...
Preprocessing C:/Users/fabio_nocezmw/Documents/University/II_Sem_2026/Diseno_Software/lab1-projects/SFML/src/SFML/Window/macOS/HIDInputManager.hpp...
Parsing file C:/Users/fabio_nocezmw/Documents/University/II_Sem_2026/Diseno_Software/lab1-projects/SFML/src/SFML/Window/macOS/HIDInputManager.hpp...
Preprocessing C:/Users/fabio_nocezmw/Documents/University/II_Sem_2026/Diseno_Software/lab1-projects/SFML/src/SFML/Window/macOS/HIDJoystickManager.cpp...
Parsing file C:/Users/fabio_nocezmw/Documents/University/II_Sem_2026/Diseno_Software/lab1-projects/SFML/src/SFML/Window/macOS/HIDJoystickManager.cpp...
Preprocessing C:/Users/fabio_nocezmw/Documents/University/II_Sem_2026/Diseno_Software/lab1-projects/SFML/src/SFML/Window/macOS/HIDJoystickManager.hpp...
Parsing file C:/Users/fabio_nocezmw/Documents/University/II_Sem_2026/Diseno_Software/lab1-projects/SFML/src/SFML/Window/macOS/HIDJoystickManager.hpp...
Preprocessing C:/Users/fabio_nocezmw/Documents/University/II_Sem_2026/Diseno_Software/lab1-projects/SFML/src/SFML/Window/macOS/JoystickImpl.cpp...
Parsing file C:/Users/fabio_nocezmw/Documents/University/II_Sem_2026/Diseno_Software/lab1-projects/SFML/src/SFML/Window/macOS/JoystickImpl.cpp...
Preprocessing C:/Users/fabio_nocezmw/Documents/University/II_Sem_2026/Diseno_Software/lab1-projects/SFML/src/SFML/Window/macOS/JoystickImpl.hpp...
Parsing file C:/Users/fabio_nocezmw/Documents/University/II_Sem_2026/Diseno_Software/lab1-projects/SFML/src/SFML/Window/macOS/JoystickImpl.hpp...
Preprocessing C:/Users/fabio_nocezmw/Documents/University/II_Sem_2026/Diseno_Software/lab1-projects/SFML/src/SFML/Window/macOS/NSImage+raw.h...
Parsing file C:/Users/fabio_nocezmw/Documents/University/II_Sem_2026/Diseno_Software/lab1-projects/SFML/src/SFML/Window/macOS/NSImage+raw.h...
Preprocessing C:/Users/fabio_nocezmw/Documents/University/II_Sem_2026/Diseno_Software/lab1-projects/SFML/src/SFML/Window/macOS/Scaling.h...
Parsing file C:/Users/fabio_nocezmw/Documents/University/II_Sem_2026/Diseno_Software/lab1-projects/SFML/src/SFML/Window/macOS/Scaling.h...
Preprocessing C:/Users/fabio_nocezmw/Documents/University/II_Sem_2026/Diseno_Software/lab1-projects/SFML/src/SFML/Window/macOS/SensorImpl.cpp...
Parsing file C:/Users/fabio_nocezmw/Documents/University/II_Sem_2026/Diseno_Software/lab1-projects/SFML/src/SFML/Window/macOS/SensorImpl.cpp...
Preprocessing C:/Users/fabio_nocezmw/Documents/University/II_Sem_2026/Diseno_Software/lab1-projects/SFML/src/SFML/Window/macOS/SensorImpl.hpp...
Parsing file C:/Users/fabio_nocezmw/Documents/University/II_Sem_2026/Diseno_Software/lab1-projects/SFML/src/SFML/Window/macOS/SensorImpl.hpp...
Preprocessing C:/Users/fabio_nocezmw/Documents/University/II_Sem_2026/Diseno_Software/lab1-projects/SFML/src/SFML/Window/macOS/SFApplication.h...
Parsing file C:/Users/fabio_nocezmw/Documents/University/II_Sem_2026/Diseno_Software/lab1-projects/SFML/src/SFML/Window/macOS/SFApplication.h...
Preprocessing C:/Users/fabio_nocezmw/Documents/University/II_Sem_2026/Diseno_Software/lab1-projects/SFML/src/SFML/Window/macOS/SFApplicationDelegate.h...
Parsing file C:/Users/fabio_nocezmw/Documents/University/II_Sem_2026/Diseno_Software/lab1-projects/SFML/src/SFML/Window/macOS/SFApplicationDelegate.h...
Preprocessing C:/Users/fabio_nocezmw/Documents/University/II_Sem_2026/Diseno_Software/lab1-projects/SFML/src/SFML/Window/macOS/SFContext.hpp...
Parsing file C:/Users/fabio_nocezmw/Documents/University/II_Sem_2026/Diseno_Software/lab1-projects/SFML/src/SFML/Window/macOS/SFContext.hpp...
Preprocessing C:/Users/fabio_nocezmw/Documents/University/II_Sem_2026/Diseno_Software/lab1-projects/SFML/src/SFML/Window/macOS/SFKeyboardModifiersHelper.h...
Parsing file C:/Users/fabio_nocezmw/Documents/University/II_Sem_2026/Diseno_Software/lab1-projects/SFML/src/SFML/Window/macOS/SFKeyboardModifiersHelper.h...
Preprocessing C:/Users/fabio_nocezmw/Documents/University/II_Sem_2026/Diseno_Software/lab1-projects/SFML/src/SFML/Window/macOS/SFOpenGLView+keyboard_priv.h...
Parsing file C:/Users/fabio_nocezmw/Documents/University/II_Sem_2026/Diseno_Software/lab1-projects/SFML/src/SFML/Window/macOS/SFOpenGLView+keyboard_priv.h...
Preprocessing C:/Users/fabio_nocezmw/Documents/University/II_Sem_2026/Diseno_Software/lab1-projects/SFML/src/SFML/Window/macOS/SFOpenGLView+mouse_priv.h...
Parsing file C:/Users/fabio_nocezmw/Documents/University/II_Sem_2026/Diseno_Software/lab1-projects/SFML/src/SFML/Window/macOS/SFOpenGLView+mouse_priv.h...
Preprocessing C:/Users/fabio_nocezmw/Documents/University/II_Sem_2026/Diseno_Software/lab1-projects/SFML/src/SFML/Window/macOS/SFOpenGLView.h...
Parsing file C:/Users/fabio_nocezmw/Documents/University/II_Sem_2026/Diseno_Software/lab1-projects/SFML/src/SFML/Window/macOS/SFOpenGLView.h...
Preprocessing C:/Users/fabio_nocezmw/Documents/University/II_Sem_2026/Diseno_Software/lab1-projects/SFML/src/SFML/Window/macOS/SFSilentResponder.h...
Parsing file C:/Users/fabio_nocezmw/Documents/University/II_Sem_2026/Diseno_Software/lab1-projects/SFML/src/SFML/Window/macOS/SFSilentResponder.h...
Preprocessing C:/Users/fabio_nocezmw/Documents/University/II_Sem_2026/Diseno_Software/lab1-projects/SFML/src/SFML/Window/macOS/SFViewController.h...
Parsing file C:/Users/fabio_nocezmw/Documents/University/II_Sem_2026/Diseno_Software/lab1-projects/SFML/src/SFML/Window/macOS/SFViewController.h...
Preprocessing C:/Users/fabio_nocezmw/Documents/University/II_Sem_2026/Diseno_Software/lab1-projects/SFML/src/SFML/Window/macOS/SFWindow.h...
Parsing file C:/Users/fabio_nocezmw/Documents/University/II_Sem_2026/Diseno_Software/lab1-projects/SFML/src/SFML/Window/macOS/SFWindow.h...
Preprocessing C:/Users/fabio_nocezmw/Documents/University/II_Sem_2026/Diseno_Software/lab1-projects/SFML/src/SFML/Window/macOS/SFWindowController.h...
Parsing file C:/Users/fabio_nocezmw/Documents/University/II_Sem_2026/Diseno_Software/lab1-projects/SFML/src/SFML/Window/macOS/SFWindowController.h...
Preprocessing C:/Users/fabio_nocezmw/Documents/University/II_Sem_2026/Diseno_Software/lab1-projects/SFML/src/SFML/Window/macOS/VideoModeImpl.cpp...
Parsing file C:/Users/fabio_nocezmw/Documents/University/II_Sem_2026/Diseno_Software/lab1-projects/SFML/src/SFML/Window/macOS/VideoModeImpl.cpp...
Preprocessing C:/Users/fabio_nocezmw/Documents/University/II_Sem_2026/Diseno_Software/lab1-projects/SFML/src/SFML/Window/macOS/WindowImplCocoa.hpp...
Parsing file C:/Users/fabio_nocezmw/Documents/University/II_Sem_2026/Diseno_Software/lab1-projects/SFML/src/SFML/Window/macOS/WindowImplCocoa.hpp...
Preprocessing C:/Users/fabio_nocezmw/Documents/University/II_Sem_2026/Diseno_Software/lab1-projects/SFML/src/SFML/Window/macOS/WindowImplDelegateProtocol.h...
Parsing file C:/Users/fabio_nocezmw/Documents/University/II_Sem_2026/Diseno_Software/lab1-projects/SFML/src/SFML/Window/macOS/WindowImplDelegateProtocol.h...
Preprocessing C:/Users/fabio_nocezmw/Documents/University/II_Sem_2026/Diseno_Software/lab1-projects/SFML/src/SFML/Window/Mouse.cpp...
Parsing file C:/Users/fabio_nocezmw/Documents/University/II_Sem_2026/Diseno_Software/lab1-projects/SFML/src/SFML/Window/Mouse.cpp...
Preprocessing C:/Users/fabio_nocezmw/Documents/University/II_Sem_2026/Diseno_Software/lab1-projects/SFML/src/SFML/Window/NetBSD/JoystickImpl.cpp...
Parsing file C:/Users/fabio_nocezmw/Documents/University/II_Sem_2026/Diseno_Software/lab1-projects/SFML/src/SFML/Window/NetBSD/JoystickImpl.cpp...
Preprocessing C:/Users/fabio_nocezmw/Documents/University/II_Sem_2026/Diseno_Software/lab1-projects/SFML/src/SFML/Window/NetBSD/JoystickImpl.hpp...
Parsing file C:/Users/fabio_nocezmw/Documents/University/II_Sem_2026/Diseno_Software/lab1-projects/SFML/src/SFML/Window/NetBSD/JoystickImpl.hpp...
Preprocessing C:/Users/fabio_nocezmw/Documents/University/II_Sem_2026/Diseno_Software/lab1-projects/SFML/src/SFML/Window/OpenBSD/JoystickImpl.cpp...
Parsing file C:/Users/fabio_nocezmw/Documents/University/II_Sem_2026/Diseno_Software/lab1-projects/SFML/src/SFML/Window/OpenBSD/JoystickImpl.cpp...
Preprocessing C:/Users/fabio_nocezmw/Documents/University/II_Sem_2026/Diseno_Software/lab1-projects/SFML/src/SFML/Window/OpenBSD/JoystickImpl.hpp...
Parsing file C:/Users/fabio_nocezmw/Documents/University/II_Sem_2026/Diseno_Software/lab1-projects/SFML/src/SFML/Window/OpenBSD/JoystickImpl.hpp...
Preprocessing C:/Users/fabio_nocezmw/Documents/University/II_Sem_2026/Diseno_Software/lab1-projects/SFML/src/SFML/Window/Sensor.cpp...
Parsing file C:/Users/fabio_nocezmw/Documents/University/II_Sem_2026/Diseno_Software/lab1-projects/SFML/src/SFML/Window/Sensor.cpp...
Preprocessing C:/Users/fabio_nocezmw/Documents/University/II_Sem_2026/Diseno_Software/lab1-projects/SFML/src/SFML/Window/SensorImpl.hpp...
Parsing file C:/Users/fabio_nocezmw/Documents/University/II_Sem_2026/Diseno_Software/lab1-projects/SFML/src/SFML/Window/SensorImpl.hpp...
Preprocessing C:/Users/fabio_nocezmw/Documents/University/II_Sem_2026/Diseno_Software/lab1-projects/SFML/src/SFML/Window/SensorManager.cpp...
Parsing file C:/Users/fabio_nocezmw/Documents/University/II_Sem_2026/Diseno_Software/lab1-projects/SFML/src/SFML/Window/SensorManager.cpp...
Preprocessing C:/Users/fabio_nocezmw/Documents/University/II_Sem_2026/Diseno_Software/lab1-projects/SFML/src/SFML/Window/SensorManager.hpp...
Parsing file C:/Users/fabio_nocezmw/Documents/University/II_Sem_2026/Diseno_Software/lab1-projects/SFML/src/SFML/Window/SensorManager.hpp...
Preprocessing C:/Users/fabio_nocezmw/Documents/University/II_Sem_2026/Diseno_Software/lab1-projects/SFML/src/SFML/Window/Touch.cpp...
Parsing file C:/Users/fabio_nocezmw/Documents/University/II_Sem_2026/Diseno_Software/lab1-projects/SFML/src/SFML/Window/Touch.cpp...
Preprocessing C:/Users/fabio_nocezmw/Documents/University/II_Sem_2026/Diseno_Software/lab1-projects/SFML/src/SFML/Window/Unix/ClipboardImpl.cpp...
Parsing file C:/Users/fabio_nocezmw/Documents/University/II_Sem_2026/Diseno_Software/lab1-projects/SFML/src/SFML/Window/Unix/ClipboardImpl.cpp...
Preprocessing C:/Users/fabio_nocezmw/Documents/University/II_Sem_2026/Diseno_Software/lab1-projects/SFML/src/SFML/Window/Unix/ClipboardImpl.hpp...
Parsing file C:/Users/fabio_nocezmw/Documents/University/II_Sem_2026/Diseno_Software/lab1-projects/SFML/src/SFML/Window/Unix/ClipboardImpl.hpp...
Preprocessing C:/Users/fabio_nocezmw/Documents/University/II_Sem_2026/Diseno_Software/lab1-projects/SFML/src/SFML/Window/Unix/CursorImpl.cpp...
Parsing file C:/Users/fabio_nocezmw/Documents/University/II_Sem_2026/Diseno_Software/lab1-projects/SFML/src/SFML/Window/Unix/CursorImpl.cpp...
Preprocessing C:/Users/fabio_nocezmw/Documents/University/II_Sem_2026/Diseno_Software/lab1-projects/SFML/src/SFML/Window/Unix/CursorImpl.hpp...
Parsing file C:/Users/fabio_nocezmw/Documents/University/II_Sem_2026/Diseno_Software/lab1-projects/SFML/src/SFML/Window/Unix/CursorImpl.hpp...
Preprocessing C:/Users/fabio_nocezmw/Documents/University/II_Sem_2026/Diseno_Software/lab1-projects/SFML/src/SFML/Window/Unix/Display.cpp...
Parsing file C:/Users/fabio_nocezmw/Documents/University/II_Sem_2026/Diseno_Software/lab1-projects/SFML/src/SFML/Window/Unix/Display.cpp...
Preprocessing C:/Users/fabio_nocezmw/Documents/University/II_Sem_2026/Diseno_Software/lab1-projects/SFML/src/SFML/Window/Unix/Display.hpp...
Parsing file C:/Users/fabio_nocezmw/Documents/University/II_Sem_2026/Diseno_Software/lab1-projects/SFML/src/SFML/Window/Unix/Display.hpp...
Preprocessing C:/Users/fabio_nocezmw/Documents/University/II_Sem_2026/Diseno_Software/lab1-projects/SFML/src/SFML/Window/Unix/GlxContext.cpp...
Parsing file C:/Users/fabio_nocezmw/Documents/University/II_Sem_2026/Diseno_Software/lab1-projects/SFML/src/SFML/Window/Unix/GlxContext.cpp...
Preprocessing C:/Users/fabio_nocezmw/Documents/University/II_Sem_2026/Diseno_Software/lab1-projects/SFML/src/SFML/Window/Unix/GlxContext.hpp...
Parsing file C:/Users/fabio_nocezmw/Documents/University/II_Sem_2026/Diseno_Software/lab1-projects/SFML/src/SFML/Window/Unix/GlxContext.hpp...
Preprocessing C:/Users/fabio_nocezmw/Documents/University/II_Sem_2026/Diseno_Software/lab1-projects/SFML/src/SFML/Window/Unix/InputImpl.cpp...
Parsing file C:/Users/fabio_nocezmw/Documents/University/II_Sem_2026/Diseno_Software/lab1-projects/SFML/src/SFML/Window/Unix/InputImpl.cpp...
Preprocessing C:/Users/fabio_nocezmw/Documents/University/II_Sem_2026/Diseno_Software/lab1-projects/SFML/src/SFML/Window/Unix/JoystickImpl.cpp...
Parsing file C:/Users/fabio_nocezmw/Documents/University/II_Sem_2026/Diseno_Software/lab1-projects/SFML/src/SFML/Window/Unix/JoystickImpl.cpp...
Preprocessing C:/Users/fabio_nocezmw/Documents/University/II_Sem_2026/Diseno_Software/lab1-projects/SFML/src/SFML/Window/Unix/JoystickImpl.hpp...
Parsing file C:/Users/fabio_nocezmw/Documents/University/II_Sem_2026/Diseno_Software/lab1-projects/SFML/src/SFML/Window/Unix/JoystickImpl.hpp...
Preprocessing C:/Users/fabio_nocezmw/Documents/University/II_Sem_2026/Diseno_Software/lab1-projects/SFML/src/SFML/Window/Unix/KeyboardImpl.cpp...
Parsing file C:/Users/fabio_nocezmw/Documents/University/II_Sem_2026/Diseno_Software/lab1-projects/SFML/src/SFML/Window/Unix/KeyboardImpl.cpp...
Preprocessing C:/Users/fabio_nocezmw/Documents/University/II_Sem_2026/Diseno_Software/lab1-projects/SFML/src/SFML/Window/Unix/KeyboardImpl.hpp...
Parsing file C:/Users/fabio_nocezmw/Documents/University/II_Sem_2026/Diseno_Software/lab1-projects/SFML/src/SFML/Window/Unix/KeyboardImpl.hpp...
Preprocessing C:/Users/fabio_nocezmw/Documents/University/II_Sem_2026/Diseno_Software/lab1-projects/SFML/src/SFML/Window/Unix/KeySymToKeyMapping.cpp...
Parsing file C:/Users/fabio_nocezmw/Documents/University/II_Sem_2026/Diseno_Software/lab1-projects/SFML/src/SFML/Window/Unix/KeySymToKeyMapping.cpp...
Preprocessing C:/Users/fabio_nocezmw/Documents/University/II_Sem_2026/Diseno_Software/lab1-projects/SFML/src/SFML/Window/Unix/KeySymToKeyMapping.hpp...
Parsing file C:/Users/fabio_nocezmw/Documents/University/II_Sem_2026/Diseno_Software/lab1-projects/SFML/src/SFML/Window/Unix/KeySymToKeyMapping.hpp...
Preprocessing C:/Users/fabio_nocezmw/Documents/University/II_Sem_2026/Diseno_Software/lab1-projects/SFML/src/SFML/Window/Unix/KeySymToUnicodeMapping.cpp...
Parsing file C:/Users/fabio_nocezmw/Documents/University/II_Sem_2026/Diseno_Software/lab1-projects/SFML/src/SFML/Window/Unix/KeySymToUnicodeMapping.cpp...
Preprocessing C:/Users/fabio_nocezmw/Documents/University/II_Sem_2026/Diseno_Software/lab1-projects/SFML/src/SFML/Window/Unix/KeySymToUnicodeMapping.hpp...
Parsing file C:/Users/fabio_nocezmw/Documents/University/II_Sem_2026/Diseno_Software/lab1-projects/SFML/src/SFML/Window/Unix/KeySymToUnicodeMapping.hpp...
Preprocessing C:/Users/fabio_nocezmw/Documents/University/II_Sem_2026/Diseno_Software/lab1-projects/SFML/src/SFML/Window/Unix/SensorImpl.cpp...
Parsing file C:/Users/fabio_nocezmw/Documents/University/II_Sem_2026/Diseno_Software/lab1-projects/SFML/src/SFML/Window/Unix/SensorImpl.cpp...
Preprocessing C:/Users/fabio_nocezmw/Documents/University/II_Sem_2026/Diseno_Software/lab1-projects/SFML/src/SFML/Window/Unix/SensorImpl.hpp...
Parsing file C:/Users/fabio_nocezmw/Documents/University/II_Sem_2026/Diseno_Software/lab1-projects/SFML/src/SFML/Window/Unix/SensorImpl.hpp...
Preprocessing C:/Users/fabio_nocezmw/Documents/University/II_Sem_2026/Diseno_Software/lab1-projects/SFML/src/SFML/Window/Unix/Utils.hpp...
Parsing file C:/Users/fabio_nocezmw/Documents/University/II_Sem_2026/Diseno_Software/lab1-projects/SFML/src/SFML/Window/Unix/Utils.hpp...
Preprocessing C:/Users/fabio_nocezmw/Documents/University/II_Sem_2026/Diseno_Software/lab1-projects/SFML/src/SFML/Window/Unix/VideoModeImpl.cpp...
Parsing file C:/Users/fabio_nocezmw/Documents/University/II_Sem_2026/Diseno_Software/lab1-projects/SFML/src/SFML/Window/Unix/VideoModeImpl.cpp...
Preprocessing C:/Users/fabio_nocezmw/Documents/University/II_Sem_2026/Diseno_Software/lab1-projects/SFML/src/SFML/Window/Unix/VulkanImplX11.cpp...
Parsing file C:/Users/fabio_nocezmw/Documents/University/II_Sem_2026/Diseno_Software/lab1-projects/SFML/src/SFML/Window/Unix/VulkanImplX11.cpp...
Preprocessing C:/Users/fabio_nocezmw/Documents/University/II_Sem_2026/Diseno_Software/lab1-projects/SFML/src/SFML/Window/Unix/WindowImplX11.cpp...
Parsing file C:/Users/fabio_nocezmw/Documents/University/II_Sem_2026/Diseno_Software/lab1-projects/SFML/src/SFML/Window/Unix/WindowImplX11.cpp...
Preprocessing C:/Users/fabio_nocezmw/Documents/University/II_Sem_2026/Diseno_Software/lab1-projects/SFML/src/SFML/Window/Unix/WindowImplX11.hpp...
Parsing file C:/Users/fabio_nocezmw/Documents/University/II_Sem_2026/Diseno_Software/lab1-projects/SFML/src/SFML/Window/Unix/WindowImplX11.hpp...
Preprocessing C:/Users/fabio_nocezmw/Documents/University/II_Sem_2026/Diseno_Software/lab1-projects/SFML/src/SFML/Window/VideoMode.cpp...
Parsing file C:/Users/fabio_nocezmw/Documents/University/II_Sem_2026/Diseno_Software/lab1-projects/SFML/src/SFML/Window/VideoMode.cpp...
Preprocessing C:/Users/fabio_nocezmw/Documents/University/II_Sem_2026/Diseno_Software/lab1-projects/SFML/src/SFML/Window/VideoModeImpl.hpp...
Parsing file C:/Users/fabio_nocezmw/Documents/University/II_Sem_2026/Diseno_Software/lab1-projects/SFML/src/SFML/Window/VideoModeImpl.hpp...
Preprocessing C:/Users/fabio_nocezmw/Documents/University/II_Sem_2026/Diseno_Software/lab1-projects/SFML/src/SFML/Window/Vulkan.cpp...
Parsing file C:/Users/fabio_nocezmw/Documents/University/II_Sem_2026/Diseno_Software/lab1-projects/SFML/src/SFML/Window/Vulkan.cpp...
Preprocessing C:/Users/fabio_nocezmw/Documents/University/II_Sem_2026/Diseno_Software/lab1-projects/SFML/src/SFML/Window/VulkanImpl.hpp...
Parsing file C:/Users/fabio_nocezmw/Documents/University/II_Sem_2026/Diseno_Software/lab1-projects/SFML/src/SFML/Window/VulkanImpl.hpp...
Preprocessing C:/Users/fabio_nocezmw/Documents/University/II_Sem_2026/Diseno_Software/lab1-projects/SFML/src/SFML/Window/Win32/ClipboardImpl.cpp...
Parsing file C:/Users/fabio_nocezmw/Documents/University/II_Sem_2026/Diseno_Software/lab1-projects/SFML/src/SFML/Window/Win32/ClipboardImpl.cpp...
Preprocessing C:/Users/fabio_nocezmw/Documents/University/II_Sem_2026/Diseno_Software/lab1-projects/SFML/src/SFML/Window/Win32/ClipboardImpl.hpp...
Parsing file C:/Users/fabio_nocezmw/Documents/University/II_Sem_2026/Diseno_Software/lab1-projects/SFML/src/SFML/Window/Win32/ClipboardImpl.hpp...
Preprocessing C:/Users/fabio_nocezmw/Documents/University/II_Sem_2026/Diseno_Software/lab1-projects/SFML/src/SFML/Window/Win32/CursorImpl.cpp...
Parsing file C:/Users/fabio_nocezmw/Documents/University/II_Sem_2026/Diseno_Software/lab1-projects/SFML/src/SFML/Window/Win32/CursorImpl.cpp...
Preprocessing C:/Users/fabio_nocezmw/Documents/University/II_Sem_2026/Diseno_Software/lab1-projects/SFML/src/SFML/Window/Win32/CursorImpl.hpp...
Parsing file C:/Users/fabio_nocezmw/Documents/University/II_Sem_2026/Diseno_Software/lab1-projects/SFML/src/SFML/Window/Win32/CursorImpl.hpp...
Preprocessing C:/Users/fabio_nocezmw/Documents/University/II_Sem_2026/Diseno_Software/lab1-projects/SFML/src/SFML/Window/Win32/InputImpl.cpp...
Parsing file C:/Users/fabio_nocezmw/Documents/University/II_Sem_2026/Diseno_Software/lab1-projects/SFML/src/SFML/Window/Win32/InputImpl.cpp...
Preprocessing C:/Users/fabio_nocezmw/Documents/University/II_Sem_2026/Diseno_Software/lab1-projects/SFML/src/SFML/Window/Win32/JoystickImpl.cpp...
Parsing file C:/Users/fabio_nocezmw/Documents/University/II_Sem_2026/Diseno_Software/lab1-projects/SFML/src/SFML/Window/Win32/JoystickImpl.cpp...
Preprocessing C:/Users/fabio_nocezmw/Documents/University/II_Sem_2026/Diseno_Software/lab1-projects/SFML/src/SFML/Window/Win32/JoystickImpl.hpp...
Parsing file C:/Users/fabio_nocezmw/Documents/University/II_Sem_2026/Diseno_Software/lab1-projects/SFML/src/SFML/Window/Win32/JoystickImpl.hpp...
Preprocessing C:/Users/fabio_nocezmw/Documents/University/II_Sem_2026/Diseno_Software/lab1-projects/SFML/src/SFML/Window/Win32/SensorImpl.cpp...
Parsing file C:/Users/fabio_nocezmw/Documents/University/II_Sem_2026/Diseno_Software/lab1-projects/SFML/src/SFML/Window/Win32/SensorImpl.cpp...
Preprocessing C:/Users/fabio_nocezmw/Documents/University/II_Sem_2026/Diseno_Software/lab1-projects/SFML/src/SFML/Window/Win32/SensorImpl.hpp...
Parsing file C:/Users/fabio_nocezmw/Documents/University/II_Sem_2026/Diseno_Software/lab1-projects/SFML/src/SFML/Window/Win32/SensorImpl.hpp...
Preprocessing C:/Users/fabio_nocezmw/Documents/University/II_Sem_2026/Diseno_Software/lab1-projects/SFML/src/SFML/Window/Win32/Utils.hpp...
Parsing file C:/Users/fabio_nocezmw/Documents/University/II_Sem_2026/Diseno_Software/lab1-projects/SFML/src/SFML/Window/Win32/Utils.hpp...
Preprocessing C:/Users/fabio_nocezmw/Documents/University/II_Sem_2026/Diseno_Software/lab1-projects/SFML/src/SFML/Window/Win32/VideoModeImpl.cpp...
Parsing file C:/Users/fabio_nocezmw/Documents/University/II_Sem_2026/Diseno_Software/lab1-projects/SFML/src/SFML/Window/Win32/VideoModeImpl.cpp...
Preprocessing C:/Users/fabio_nocezmw/Documents/University/II_Sem_2026/Diseno_Software/lab1-projects/SFML/src/SFML/Window/Win32/VulkanImplWin32.cpp...
Parsing file C:/Users/fabio_nocezmw/Documents/University/II_Sem_2026/Diseno_Software/lab1-projects/SFML/src/SFML/Window/Win32/VulkanImplWin32.cpp...
Preprocessing C:/Users/fabio_nocezmw/Documents/University/II_Sem_2026/Diseno_Software/lab1-projects/SFML/src/SFML/Window/Win32/WglContext.cpp...
Parsing file C:/Users/fabio_nocezmw/Documents/University/II_Sem_2026/Diseno_Software/lab1-projects/SFML/src/SFML/Window/Win32/WglContext.cpp...
PreprocessiC:/Users/fabio_nocezmw/Documents/University/II_Sem_2026/Diseno_Software/lab1-projects/SFML/include/SFML/Window/WindowHandle.hpp:76: warning: documented symbol 'sf::WindowHandle' was not declared or defined.
C:/Users/fabio_nocezmw/Documents/University/II_Sem_2026/Diseno_Software/lab1-projects/SFML/src/SFML/Network/Dns.cpp:438: warning: no matching file member found for 
std::optional< std::vector< IpAddress > > sf::Dns::resolve(const sf::String &hostname, const std::vector< sf::IpAddress > &servers, std::optional< Time > timeout)
Possible candidates:
  'SFML_NETWORK_API std::optional< std::vector< IpAddress > > resolve(const sf::String &hostname, const std::vector< sf::IpAddress > &servers={}, std::optional< sf::Time > timeout=sf::seconds(1))' at line 60 of file C:/Users/fabio_nocezmw/Documents/University/II_Sem_2026/Diseno_Software/lab1-projects/SFML/include/SFML/Network/Dns.hpp
C:/Users/fabio_nocezmw/Documents/University/II_Sem_2026/Diseno_Software/lab1-projects/SFML/src/SFML/Network/Dns.cpp:568: warning: no matching file member found for 
std::vector< sf::String > sf::Dns::queryNs(const sf::String &hostname, const std::vector< sf::IpAddress > &servers, std::optional< Time > timeout)
Possible candidates:
  'SFML_NETWORK_API std::vector< sf::String > queryNs(const sf::String &hostname, const std::vector< sf::IpAddress > &servers={}, std::optional< sf::Time > timeout=sf::seconds(1))' at line 75 of file C:/Users/fabio_nocezmw/Documents/University/II_Sem_2026/Diseno_Software/lab1-projects/SFML/include/SFML/Network/Dns.hpp
C:/Users/fabio_nocezmw/Documents/University/II_Sem_2026/Diseno_Software/lab1-projects/SFML/src/SFML/Network/Dns.cpp:637: warning: no matching file member found for 
std::vector< Dns::MxRecord > sf::Dns::queryMx(const sf::String &hostname, const std::vector< sf::IpAddress > &servers, std::optional< Time > timeout)
Possible candidates:
  'SFML_NETWORK_API std::vector< MxRecord > queryMx(const sf::String &hostname, const std::vector< sf::IpAddress > &servers={}, std::optional< sf::Time > timeout=sf::seconds(1))' at line 99 of file C:/Users/fabio_nocezmw/Documents/University/II_Sem_2026/Diseno_Software/lab1-projects/SFML/include/SFML/Network/Dns.hpp
C:/Users/fabio_nocezmw/Documents/University/II_Sem_2026/Diseno_Software/lab1-projects/SFML/src/SFML/Network/Dns.cpp:714: warning: no matching file member found for 
std::vector< Dns::SrvRecord > sf::Dns::querySrv(const sf::String &hostname, const std::vector< sf::IpAddress > &servers, std::optional< Time > timeout)
Possible candidates:
  'SFML_NETWORK_API std::vector< SrvRecord > querySrv(const sf::String &hostname, const std::vector< sf::IpAddress > &servers={}, std::optional< sf::Time > timeout=sf::seconds(1))' at line 125 of file C:/Users/fabio_nocezmw/Documents/University/II_Sem_2026/Diseno_Software/lab1-projects/SFML/include/SFML/Network/Dns.hpp
C:/Users/fabio_nocezmw/Documents/University/II_Sem_2026/Diseno_Software/lab1-projects/SFML/src/SFML/Network/Dns.cpp:797: warning: no matching file member found for 
std::vector< std::vector< sf::String > > sf::Dns::queryTxt(const sf::String &hostname, const std::vector< sf::IpAddress > &servers, std::optional< Time > timeout)
Possible candidates:
  'SFML_NETWORK_API std::vector< std::vector< sf::String > > queryTxt(const sf::String &hostname, const std::vector< sf::IpAddress > &servers={}, std::optional< sf::Time > timeout=sf::seconds(1))' at line 139 of file C:/Users/fabio_nocezmw/Documents/University/II_Sem_2026/Diseno_Software/lab1-projects/SFML/include/SFML/Network/Dns.hpp
C:/Users/fabio_nocezmw/Documents/University/II_Sem_2026/Diseno_Software/lab1-projects/SFML/src/SFML/Window/FreeBSD/JoystickImpl.cpp:297: warning: no uniquely matching class member found for 
  JoystickState sf::priv::JoystickImpl::JoystickImpl::update()
Possible candidates:
  'bool sf::SoundBuffer::update(unsigned int channelCount, unsigned int sampleRate, const std::vector< SoundChannel > &channelMap)' at line 339 of file C:/Users/fabio_nocezmw/Documents/University/II_Sem_2026/Diseno_Software/lab1-projects/SFML/include/SFML/Audio/SoundBuffer.hpp
  'void sf::Shape::update()' at line 315 of file C:/Users/fabio_nocezmw/Documents/University/II_Sem_2026/Diseno_Software/lab1-projects/SFML/include/SFML/Graphics/Shape.hpp
  'void sf::Texture::update(const std::uint8_t *pixels)' at line 421 of file C:/Users/fabio_nocezmw/Documents/University/II_Sem_2026/Diseno_Software/lab1-projects/SFML/include/SFML/Graphics/Texture.hpp
  'void sf::Texture::update(const std::uint8_t *pixels, Vector2u size, Vector2u dest)' at line 441 of file C:/Users/fabio_nocezmw/Documents/University/II_Sem_2026/Diseno_Software/lab1-projects/SFML/include/SFML/Graphics/Texture.hpp
  'void sf::Texture::update(const Texture &texture)' at line 462 of file C:/Users/fabio_nocezmw/Documents/University/II_Sem_2026/Diseno_Software/lab1-projects/SFML/include/SFML/Graphics/Texture.hpp
  'void sf::Texture::update(const Texture &texture, Vector2u dest)' at line 478 of file C:/Users/fabio_nocezmw/Documents/University/II_Sem_2026/Diseno_Software/lab1-projects/SFML/include/SFML/Graphics/Texture.hpp
  'void sf::Texture::update(const Image &image)' at line 499 of file C:/Users/fabio_nocezmw/Documents/University/II_Sem_2026/Diseno_Software/lab1-projects/SFML/include/SFML/Graphics/Texture.hpp
  'void sf::Texture::update(const Image &image, Vector2u dest)' at line 515 of file C:/Users/fabio_nocezmw/Documents/University/II_Sem_2026/Diseno_Software/lab1-projects/SFML/include/SFML/Graphics/Texture.hpp
  'void sf::Texture::update(const Window &window)' at line 536 of file C:/Users/fabio_nocezmw/Documents/University/II_Sem_2026/Diseno_Software/lab1-projects/SFML/include/SFML/Graphics/Texture.hpp
  'void sf::Texture::update(const Window &window, Vector2u dest)' at line 552 of file C:/Users/fabio_nocezmw/Documents/University/II_Sem_2026/Diseno_Software/lab1-projects/SFML/include/SFML/Graphics/Texture.hpp
  'bool sf::VertexBuffer::update(const Vertex *vertices)' at line 168 of file C:/Users/fabio_nocezmw/Documents/University/II_Sem_2026/Diseno_Software/lab1-projects/SFML/include/SFML/Graphics/VertexBuffer.hpp
  'bool sf::VertexBuffer::update(const Vertex *vertices, std::size_t vertexCount, unsigned int offset)' at line 201 of file C:/Users/fabio_nocezmw/Documents/University/II_Sem_2026/Diseno_Software/lab1-projects/SFML/include/SFML/Graphics/VertexBuffer.hpp
  'bool sf::VertexBuffer::update(const VertexBuffer &vertexBuffer)' at line 211 of file C:/Users/fabio_nocezmw/Documents/University/II_Sem_2026/Diseno_Software/lab1-projects/SFML/include/SFML/Graphics/VertexBuffer.hpp
  'JoystickState sf::priv::JoystickImpl::update() const' at line 63 of file C:/Users/fabio_nocezmw/Documents/University/II_Sem_2026/Diseno_Software/lab1-projects/SFML/src/SFML/Window/Android/JoystickImpl.hpp
  'Vector3f sf::priv::SensorImpl::update() const' at line 57 of file C:/Users/fabio_nocezmw/Documents/University/II_Sem_2026/Diseno_Software/lab1-projects/SFML/src/SFML/Window/Android/SensorImpl.hpp
  'JoystickState sf::priv::JoystickImpl::update()' at line 64 of file C:/Users/fabio_nocezmw/Documents/University/II_Sem_2026/Diseno_Software/lab1-projects/SFML/src/SFML/Window/FreeBSD/JoystickImpl.hpp
  'JoystickState sf::priv::JoystickImpl::update()' at line 56 of file C:/Users/fabio_nocezmw/Documents/University/II_Sem_2026/Diseno_Software/lab1-projects/SFML/src/SFML/Window/iOS/JoystickImpl.hpp
  'Vector3f sf::priv::SensorImpl::update()' at line 55 of file C:/Users/fabio_nocezmw/Documents/University/II_Sem_2026/Diseno_Software/lab1-projects/SFML/src/SFML/Window/iOS/SensorImpl.hpp
  'void sf::priv::JoystickManager::update()' at line 99 of file C:/Users/fabio_nocezmw/Documents/University/II_Sem_2026/Diseno_Software/lab1-projects/SFML/src/SFML/Window/JoystickManager.hpp
  'void sf::priv::HIDJoystickManager::update()' at line 79 of file C:/Users/fabio_nocezmw/Documents/University/II_Sem_2026/Diseno_Software/lab1-projects/SFML/src/SFML/Window/macOS/HIDJoystickManager.hpp
  'JoystickState sf::priv::JoystickImpl::update()' at line 66 of file C:/Users/fabio_nocezmw/Documents/University/II_Sem_2026/Diseno_Software/lab1-projects/SFML/src/SFML/Window/macOS/JoystickImpl.hpp
  'Vector3f sf::priv::SensorImpl::update()' at line 50 of file C:/Users/fabio_nocezmw/Documents/University/II_Sem_2026/Diseno_Software/lab1-projects/SFML/src/SFML/Window/macOS/SensorImpl.hpp
  'JoystickState sf::priv::JoystickImpl::update()' at line 65 of file C:/Users/fabio_nocezmw/Documents/University/II_Sem_2026/Diseno_Software/lab1-projects/SFML/src/SFML/Window/NetBSD/JoystickImpl.hpp
  'JoystickState sf::priv::JoystickImpl::update()' at line 56 of file C:/Users/fabio_nocezmw/Documents/University/II_Sem_2026/Diseno_Software/lab1-projects/SFML/src/SFML/Window/OpenBSD/JoystickImpl.hpp
  'void sf::priv::SensorManager::update()' at line 108 of file C:/Users/fabio_nocezmw/Documents/University/II_Sem_2026/Diseno_Software/lab1-projects/SFML/src/SFML/Window/SensorManager.hpp
  'JoystickState sf::priv::JoystickImpl::update()' at line 61 of file C:/Users/fabio_nocezmw/Documents/University/II_Sem_2026/Diseno_Software/lab1-projects/SFML/src/SFML/Window/Unix/JoystickImpl.hpp
  'Vector3f sf::priv::SensorImpl::update()' at line 50 of file C:/Users/fabio_nocezmw/Documents/University/II_Sem_2026/Diseno_Software/lab1-projects/SFML/src/SFML/Window/Unix/SensorImpl.hpp
  'JoystickState sf::priv::JoystickImpl::update()' at line 75 of file C:/Users/fabio_nocezmw/Documents/University/II_Sem_2026/Diseno_Software/lab1-projects/SFML/src/SFML/Window/Win32/JoystickImpl.hpp
  'Vector3f sf::priv::SensorImpl::update()' at line 55 of file C:/Users/fabio_nocezmw/Documents/University/II_Sem_2026/Diseno_Software/lab1-projects/SFML/src/SFML/Window/Win32/SensorImpl.hpp
C:/Users/fabio_nocezmw/Documents/University/II_Sem_2026/Diseno_Software/lab1-projects/SFML/src/SFML/Window/NetBSD/JoystickImpl.cpp:302: warning: no uniquely matching class member found for 
  JoystickState sf::priv::JoystickImpl::JoystickImpl::update()
Possible candidates:
  'bool sf::SoundBuffer::update(unsigned int channelCount, unsigned int sampleRate, const std::vector< SoundChannel > &channelMap)' at line 339 of file C:/Users/fabio_nocezmw/Documents/University/II_Sem_2026/Diseno_Software/lab1-projects/SFML/include/SFML/Audio/SoundBuffer.hpp
  'void sf::Shape::update()' at line 315 of file C:/Users/fabio_nocezmw/Documents/University/II_Sem_2026/Diseno_Software/lab1-projects/SFML/include/SFML/Graphics/Shape.hpp
  'void sf::Texture::update(const std::uint8_t *pixels)' at line 421 of file C:/Users/fabio_nocezmw/Documents/University/II_Sem_2026/Diseno_Software/lab1-projects/SFML/include/SFML/Graphics/Texture.hpp
  'void sf::Texture::update(const std::uint8_t *pixels, Vector2u size, Vector2u dest)' at line 441 of file C:/Users/fabio_nocezmw/Documents/University/II_Sem_2026/Diseno_Software/lab1-projects/SFML/include/SFML/Graphics/Texture.hpp
  'void sf::Texture::update(const Texture &texture)' at line 462 of file C:/Users/fabio_nocezmw/Documents/University/II_Sem_2026/Diseno_Software/lab1-projects/SFML/include/SFML/Graphics/Texture.hpp
  'void sf::Texture::update(const Texture &texture, Vector2u dest)' at line 478 of file C:/Users/fabio_nocezmw/Documents/University/II_Sem_2026/Diseno_Software/lab1-projects/SFML/include/SFML/Graphics/Texture.hpp
  'void sf::Texture::update(const Image &image)' at line 499 of file C:/Users/fabio_nocezmw/Documents/University/II_Sem_2026/Diseno_Software/lab1-projects/SFML/include/SFML/Graphics/Texture.hpp
  'void sf::Texture::update(const Image &image, Vector2u dest)' at line 515 of file C:/Users/fabio_nocezmw/Documents/University/II_Sem_2026/Diseno_Software/lab1-projects/SFML/include/SFML/Graphics/Texture.hpp
  'void sf::Texture::update(const Window &window)' at line 536 of file C:/Users/fabio_nocezmw/Documents/University/II_Sem_2026/Diseno_Software/lab1-projects/SFML/include/SFML/Graphics/Texture.hpp
  'void sf::Texture::update(const Window &window, Vector2u dest)' at line 552 of file C:/Users/fabio_nocezmw/Documents/University/II_Sem_2026/Diseno_Software/lab1-projects/SFML/include/SFML/Graphics/Texture.hpp
  'bool sf::VertexBuffer::update(const Vertex *vertices)' at line 168 of file C:/Users/fabio_nocezmw/Documents/University/II_Sem_2026/Diseno_Software/lab1-projects/SFML/include/SFML/Graphics/VertexBuffer.hpp
  'bool sf::VertexBuffer::update(const Vertex *vertices, std::size_t vertexCount, unsigned int offset)' at line 201 of file C:/Users/fabio_nocezmw/Documents/University/II_Sem_2026/Diseno_Software/lab1-projects/SFML/include/SFML/Graphics/VertexBuffer.hpp
  'bool sf::VertexBuffer::update(const VertexBuffer &vertexBuffer)' at line 211 of file C:/Users/fabio_nocezmw/Documents/University/II_Sem_2026/Diseno_Software/lab1-projects/SFML/include/SFML/Graphics/VertexBuffer.hpp
  'JoystickState sf::priv::JoystickImpl::update() const' at line 63 of file C:/Users/fabio_nocezmw/Documents/University/II_Sem_2026/Diseno_Software/lab1-projects/SFML/src/SFML/Window/Android/JoystickImpl.hpp
  'Vector3f sf::priv::SensorImpl::update() const' at line 57 of file C:/Users/fabio_nocezmw/Documents/University/II_Sem_2026/Diseno_Software/lab1-projects/SFML/src/SFML/Window/Android/SensorImpl.hpp
  'JoystickState sf::priv::JoystickImpl::update()' at line 64 of file C:/Users/fabio_nocezmw/Documents/University/II_Sem_2026/Diseno_Software/lab1-projects/SFML/src/SFML/Window/FreeBSD/JoystickImpl.hpp
  'JoystickState sf::priv::JoystickImpl::update()' at line 56 of file C:/Users/fabio_nocezmw/Documents/University/II_Sem_2026/Diseno_Software/lab1-projects/SFML/src/SFML/Window/iOS/JoystickImpl.hpp
  'Vector3f sf::priv::SensorImpl::update()' at line 55 of file C:/Users/fabio_nocezmw/Documents/University/II_Sem_2026/Diseno_Software/lab1-projects/SFML/src/SFML/Window/iOS/SensorImpl.hpp
  'void sf::priv::JoystickManager::update()' at line 99 of file C:/Users/fabio_nocezmw/Documents/University/II_Sem_2026/Diseno_Software/lab1-projects/SFML/src/SFML/Window/JoystickManager.hpp
  'void sf::priv::HIDJoystickManager::update()' at line 79 of file C:/Users/fabio_nocezmw/Documents/University/II_Sem_2026/Diseno_Software/lab1-projects/SFML/src/SFML/Window/macOS/HIDJoystickManager.hpp
  'JoystickState sf::priv::JoystickImpl::update()' at line 66 of file C:/Users/fabio_nocezmw/Documents/University/II_Sem_2026/Diseno_Software/lab1-projects/SFML/src/SFML/Window/macOS/JoystickImpl.hpp
  'Vector3f sf::priv::SensorImpl::update()' at line 50 of file C:/Users/fabio_nocezmw/Documents/University/II_Sem_2026/Diseno_Software/lab1-projects/SFML/src/SFML/Window/macOS/SensorImpl.hpp
  'JoystickState sf::priv::JoystickImpl::update()' at line 65 of file C:/Users/fabio_nocezmw/Documents/University/II_Sem_2026/Diseno_Software/lab1-projects/SFML/src/SFML/Window/NetBSD/JoystickImpl.hpp
  'JoystickState sf::priv::JoystickImpl::update()' at line 56 of file C:/Users/fabio_nocezmw/Documents/University/II_Sem_2026/Diseno_Software/lab1-projects/SFML/src/SFML/Window/OpenBSD/JoystickImpl.hpp
  'void sf::priv::SensorManager::update()' at line 108 of file C:/Users/fabio_nocezmw/Documents/University/II_Sem_2026/Diseno_Software/lab1-projects/SFML/src/SFML/Window/SensorManager.hpp
  'JoystickState sf::priv::JoystickImpl::update()' at line 61 of file C:/Users/fabio_nocezmw/Documents/University/II_Sem_2026/Diseno_Software/lab1-projects/SFML/src/SFML/Window/Unix/JoystickImpl.hpp
  'Vector3f sf::priv::SensorImpl::update()' at line 50 of file C:/Users/fabio_nocezmw/Documents/University/II_Sem_2026/Diseno_Software/lab1-projects/SFML/src/SFML/Window/Unix/SensorImpl.hpp
  'JoystickState sf::priv::JoystickImpl::update()' at line 75 of file C:/Users/fabio_nocezmw/Documents/University/II_Sem_2026/Diseno_Software/lab1-projects/SFML/src/SFML/Window/Win32/JoystickImpl.hpp
  'Vector3f sf::priv::SensorImpl::update()' at line 55 of file C:/Users/fabio_nocezmw/Documents/University/II_Sem_2026/Diseno_Software/lab1-projects/SFML/src/SFML/Window/Win32/SensorImpl.hpp
C:/Users/fabio_nocezmw/Documents/University/II_Sem_2026/Diseno_Software/lab1-projects/SFML/src/SFML/Window/Unix/JoystickImpl.cpp:596: warning: no uniquely matching class member found for 
  JoystickState sf::priv::JoystickImpl::JoystickImpl::update()
Possible candidates:
  'bool sf::SoundBuffer::update(unsigned int channelCount, unsigned int sampleRate, const std::vector< SoundChannel > &channelMap)' at line 339 of file C:/Users/fabio_nocezmw/Documents/University/II_Sem_2026/Diseno_Software/lab1-projects/SFML/include/SFML/Audio/SoundBuffer.hpp
  'void sf::Shape::update()' at line 315 of file C:/Users/fabio_nocezmw/Documents/University/II_Sem_2026/Diseno_Software/lab1-projects/SFML/include/SFML/Graphics/Shape.hpp
  'void sf::Texture::update(const std::uint8_t *pixels)' at line 421 of file C:/Users/fabio_nocezmw/Documents/University/II_Sem_2026/Diseno_Software/lab1-projects/SFML/include/SFML/Graphics/Texture.hpp
  'void sf::Texture::update(const std::uint8_t *pixels, Vector2u size, Vector2u dest)' at line 441 of file C:/Users/fabio_nocezmw/Documents/University/II_Sem_2026/Diseno_Software/lab1-projects/SFML/include/SFML/Graphics/Texture.hpp
  'void sf::Texture::update(const Texture &texture)' at line 462 of file C:/Users/fabio_nocezmw/Documents/University/II_Sem_2026/Diseno_Software/lab1-projects/SFML/include/SFML/Graphics/Texture.hpp
  'void sf::Texture::update(const Texture &texture, Vector2u dest)' at line 478 of file C:/Users/fabio_nocezmw/Documents/University/II_Sem_2026/Diseno_Software/lab1-projects/SFML/include/SFML/Graphics/Texture.hpp
  'void sf::Texture::update(const Image &image)' at line 499 of file C:/Users/fabio_nocezmw/Documents/University/II_Sem_2026/Diseno_Software/lab1-projects/SFML/include/SFML/Graphics/Texture.hpp
  'void sf::Texture::update(const Image &image, Vector2u dest)' at line 515 of file C:/Users/fabio_nocezmw/Documents/University/II_Sem_2026/Diseno_Software/lab1-projects/SFML/include/SFML/Graphics/Texture.hpp
  'void sf::Texture::update(const Window &window)' at line 536 of file C:/Users/fabio_nocezmw/Documents/University/II_Sem_2026/Diseno_Software/lab1-projects/SFML/include/SFML/Graphics/Texture.hpp
  'void sf::Texture::update(const Window &window, Vector2u dest)' at line 552 of file C:/Users/fabio_nocezmw/Documents/University/II_Sem_2026/Diseno_Software/lab1-projects/SFML/include/SFML/Graphics/Texture.hpp
  'bool sf::VertexBuffer::update(const Vertex *vertices)' at line 168 of file C:/Users/fabio_nocezmw/Documents/University/II_Sem_2026/Diseno_Software/lab1-projects/SFML/include/SFML/Graphics/VertexBuffer.hpp
  'bool sf::VertexBuffer::update(const Vertex *vertices, std::size_t vertexCount, unsigned int offset)' at line 201 of file C:/Users/fabio_nocezmw/Documents/University/II_Sem_2026/Diseno_Software/lab1-projects/SFML/include/SFML/Graphics/VertexBuffer.hpp
  'bool sf::VertexBuffer::update(const VertexBuffer &vertexBuffer)' at line 211 of file C:/Users/fabio_nocezmw/Documents/University/II_Sem_2026/Diseno_Software/lab1-projects/SFML/include/SFML/Graphics/VertexBuffer.hpp
  'JoystickState sf::priv::JoystickImpl::update() const' at line 63 of file C:/Users/fabio_nocezmw/Documents/University/II_Sem_2026/Diseno_Software/lab1-projects/SFML/src/SFML/Window/Android/JoystickImpl.hpp
  'Vector3f sf::priv::SensorImpl::update() const' at line 57 of file C:/Users/fabio_nocezmw/Documents/University/II_Sem_2026/Diseno_Software/lab1-projects/SFML/src/SFML/Window/Android/SensorImpl.hpp
  'JoystickState sf::priv::JoystickImpl::update()' at line 64 of file C:/Users/fabio_nocezmw/Documents/University/II_Sem_2026/Diseno_Software/lab1-projects/SFML/src/SFML/Window/FreeBSD/JoystickImpl.hpp
  'JoystickState sf::priv::JoystickImpl::update()' at line 56 of file C:/Users/fabio_nocezmw/Documents/University/II_Sem_2026/Diseno_Software/lab1-projects/SFML/src/SFML/Window/iOS/JoystickImpl.hpp
  'Vector3f sf::priv::SensorImpl::update()' at line 55 of file C:/Users/fabio_nocezmw/Documents/University/II_Sem_2026/Diseno_Software/lab1-projects/SFML/src/SFML/Window/iOS/SensorImpl.hpp
  'void sf::priv::JoystickManager::update()' at line 99 of file C:/Users/fabio_nocezmw/Documents/University/II_Sem_2026/Diseno_Software/lab1-projects/SFML/src/SFML/Window/JoystickManager.hpp
  'void sf::priv::HIDJoystickManager::update()' at line 79 of file C:/Users/fabio_nocezmw/Documents/University/II_Sem_2026/Diseno_Software/lab1-projects/SFML/src/SFML/Window/macOS/HIDJoystickManager.hpp
  'JoystickState sf::priv::JoystickImpl::update()' at line 66 of file C:/Users/fabio_nocezmw/Documents/University/II_Sem_2026/Diseno_Software/lab1-projects/SFML/src/SFML/Window/macOS/JoystickImpl.hpp
  'Vector3f sf::priv::SensorImpl::update()' at line 50 of file C:/Users/fabio_nocezmw/Documents/University/II_Sem_2026/Diseno_Software/lab1-projects/SFML/src/SFML/Window/macOS/SensorImpl.hpp
  'JoystickState sf::priv::JoystickImpl::update()' at line 65 of file C:/Users/fabio_nocezmw/Documents/University/II_Sem_2026/Diseno_Software/lab1-projects/SFML/src/SFML/Window/NetBSD/JoystickImpl.hpp
  'JoystickState sf::priv::JoystickImpl::update()' at line 56 of file C:/Users/fabio_nocezmw/Documents/University/II_Sem_2026/Diseno_Software/lab1-projects/SFML/src/SFML/Window/OpenBSD/JoystickImpl.hpp
  'void sf::priv::SensorManager::update()' at line 108 of file C:/Users/fabio_nocezmw/Documents/University/II_Sem_2026/Diseno_Software/lab1-projects/SFML/src/SFML/Window/SensorManager.hpp
  'JoystickState sf::priv::JoystickImpl::update()' at line 61 of file C:/Users/fabio_nocezmw/Documents/University/II_Sem_2026/Diseno_Software/lab1-projects/SFML/src/SFML/Window/Unix/JoystickImpl.hpp
  'Vector3f sf::priv::SensorImpl::update()' at line 50 of file C:/Users/fabio_nocezmw/Documents/University/II_Sem_2026/Diseno_Software/lab1-projects/SFML/src/SFML/Window/Unix/SensorImpl.hpp
  'JoystickState sf::priv::JoystickImpl::update()' at line 75 of file C:/Users/fabio_nocezmw/Documents/University/II_Sem_2026/Diseno_Software/lab1-projects/SFML/src/SFML/Window/Win32/JoystickImpl.hpp
  'Vector3f sf::priv::SensorImpl::update()' at line 55 of file C:/Users/fabio_nocezmw/Documents/University/II_Sem_2026/Diseno_Software/lab1-projects/SFML/src/SFML/Window/Win32/SensorImpl.hpp
ng C:/Users/fabio_nocezmw/Documents/University/II_Sem_2026/Diseno_Software/lab1-projects/SFML/src/SFML/Window/Win32/WglContext.hpp...
Parsing file C:/Users/fabio_nocezmw/Documents/University/II_Sem_2026/Diseno_Software/lab1-projects/SFML/src/SFML/Window/Win32/WglContext.hpp...
Preprocessing C:/Users/fabio_nocezmw/Documents/University/II_Sem_2026/Diseno_Software/lab1-projects/SFML/src/SFML/Window/Win32/WindowImplWin32.cpp...
Parsing file C:/Users/fabio_nocezmw/Documents/University/II_Sem_2026/Diseno_Software/lab1-projects/SFML/src/SFML/Window/Win32/WindowImplWin32.cpp...
Preprocessing C:/Users/fabio_nocezmw/Documents/University/II_Sem_2026/Diseno_Software/lab1-projects/SFML/src/SFML/Window/Win32/WindowImplWin32.hpp...
Parsing file C:/Users/fabio_nocezmw/Documents/University/II_Sem_2026/Diseno_Software/lab1-projects/SFML/src/SFML/Window/Win32/WindowImplWin32.hpp...
Preprocessing C:/Users/fabio_nocezmw/Documents/University/II_Sem_2026/Diseno_Software/lab1-projects/SFML/src/SFML/Window/Window.cpp...
Parsing file C:/Users/fabio_nocezmw/Documents/University/II_Sem_2026/Diseno_Software/lab1-projects/SFML/src/SFML/Window/Window.cpp...
Preprocessing C:/Users/fabio_nocezmw/Documents/University/II_Sem_2026/Diseno_Software/lab1-projects/SFML/src/SFML/Window/WindowBase.cpp...
Parsing file C:/Users/fabio_nocezmw/Documents/University/II_Sem_2026/Diseno_Software/lab1-projects/SFML/src/SFML/Window/WindowBase.cpp...
Preprocessing C:/Users/fabio_nocezmw/Documents/University/II_Sem_2026/Diseno_Software/lab1-projects/SFML/src/SFML/Window/WindowImpl.cpp...
Parsing file C:/Users/fabio_nocezmw/Documents/University/II_Sem_2026/Diseno_Software/lab1-projects/SFML/src/SFML/Window/WindowImpl.cpp...
Preprocessing C:/Users/fabio_nocezmw/Documents/University/II_Sem_2026/Diseno_Software/lab1-projects/SFML/src/SFML/Window/WindowImpl.hpp...
Parsing file C:/Users/fabio_nocezmw/Documents/University/II_Sem_2026/Diseno_Software/lab1-projects/SFML/src/SFML/Window/WindowImpl.hpp...
Reading C:/Users/fabio_nocezmw/Documents/University/II_Sem_2026/Diseno_Software/ie0417-laboratorio-git-documentacion-B24652/doxygen/mainpage.md...
Building macro definition list...
Building group list...
Building directory list...
Building namespace list...
Building file list...
Building class list...
Building concept list...
Computing nesting relations for classes...
Associating documentation with classes...
Associating documentation with concepts...
Associating documentation with modules...
Building example list...
Searching for enumerations...
Searching for documented typedefs...
Searching for members imported via using declarations...
Searching for included using directives...
Searching for documented variables...
Building interface member list...
Building member list...
Searching for friends...
Searching for documented defines...
Computing class inheritance relations...
Computing class usage relations...
Flushing cached template relations that have become invalid...
Warn for undocumented namespaces...
Computing class relations...
Add enum values to enums...
Searching for member function documentation...
Creating members for template instances...
Searching for tag less structs...
Building page list...
Building requirements list...
Search for main page...
Computing page relations...
Determining the scope of groups...
Computing module relations...
Sorting lists...
Determining which enums are documented
Computing member relations...
Building full member lists recursively...
Adding members to member groups.
Computing member references...
Inheriting documentation...
Generating disk names...
Adding source references...
Adding xrefitems...
Adding requirements...
Sorting member lists...
Setting anonymous enum type...
Computing dependencies between directories...
Generating citations page...
Counting data structures...
Resolving user defined references...
Finding anchors and sections in the documentation...
Transferring function references...
Combining using relations...
Adding members to index pages...
Correcting members for VHDL...
Computing tooltip texts...
Generating style sheet...
Generating search indices...
Generating example documentation...
Generating file sources...
Parsing code for file doxygen/mainpage.md...
Generating code for file C:/Users/fabio_nocezmw/Documents/University/II_Sem_2026/Diseno_Software/lab1-projects/SFML/include/SFML/Audio.hpp...
Generating code for file C:/Users/fabio_nocezmw/Documents/University/II_Sem_2026/Diseno_Software/lab1-projects/SFML/include/SFML/Audio/AudioResource.hpp...
Generating code for file C:/Users/fabio_nocezmw/Documents/University/II_Sem_2026/Diseno_Software/lab1-projects/SFML/include/SFML/Audio/Export.hpp...
Generating code for file C:/Users/fabio_nocezmw/Documents/University/II_Sem_2026/Diseno_Software/lab1-projects/SFML/include/SFML/Graphics/Export.hpp...
Generating code for file C:/Users/fabio_nocezmw/Documents/University/II_Sem_2026/Diseno_Software/lab1-projects/SFML/include/SFML/Network/Export.hpp...
Generating code for file C:/Users/fabio_nocezmw/Documents/University/II_Sem_2026/Diseno_Software/lab1-projects/SFML/include/SFML/System/Export.hpp...
Generating code for file C:/Users/fabio_nocezmw/Documents/University/II_Sem_2026/Diseno_Software/lab1-projects/SFML/include/SFML/Window/Export.hpp...
Generating code for file C:/Users/fabio_nocezmw/Documents/University/II_Sem_2026/Diseno_Software/lab1-projects/SFML/include/SFML/Audio/InputSoundFile.hpp...
Generating code for file C:/Users/fabio_nocezmw/Documents/University/II_Sem_2026/Diseno_Software/lab1-projects/SFML/include/SFML/Audio/Listener.hpp...
Generating code for file C:/Users/fabio_nocezmw/Documents/University/II_Sem_2026/Diseno_Software/lab1-projects/SFML/include/SFML/Audio/Music.hpp...
Generating code for file C:/Users/fabio_nocezmw/Documents/University/II_Sem_2026/Diseno_Software/lab1-projects/SFML/include/SFML/Audio/OutputSoundFile.hpp...
Generating code for file C:/Users/fabio_nocezmw/Documents/University/II_Sem_2026/Diseno_Software/lab1-projects/SFML/include/SFML/Audio/PlaybackDevice.hpp...
Generating code for file C:/Users/fabio_nocezmw/Documents/University/II_Sem_2026/Diseno_Software/lab1-projects/SFML/include/SFML/Audio/Sound.hpp...
Generating code for file C:/Users/fabio_nocezmw/Documents/University/II_Sem_2026/Diseno_Software/lab1-projects/SFML/include/SFML/Audio/SoundBuffer.hpp...
Generating code for file C:/Users/fabio_nocezmw/Documents/University/II_Sem_2026/Diseno_Software/lab1-projects/SFML/include/SFML/Audio/SoundBufferRecorder.hpp...
Generating code for file C:/Users/fabio_nocezmw/Documents/University/II_Sem_2026/Diseno_Software/lab1-projects/SFML/include/SFML/Audio/SoundChannel.hpp...
Generating code for file C:/Users/fabio_nocezmw/Documents/University/II_Sem_2026/Diseno_Software/lab1-projects/SFML/include/SFML/Audio/SoundFileFactory.hpp...
Generating code for file C:/Users/fabio_nocezmw/Documents/University/II_Sem_2026/Diseno_Software/lab1-projects/SFML/include/SFML/Audio/SoundFileReader.hpp...
Generating code for file C:/Users/fabio_nocezmw/Documents/University/II_Sem_2026/Diseno_Software/lab1-projects/SFML/include/SFML/Audio/SoundFileWriter.hpp...
Generating code for file C:/Users/fabio_nocezmw/Documents/University/II_Sem_2026/Diseno_Software/lab1-projects/SFML/include/SFML/Audio/SoundRecorder.hpp...
Generating code for file C:/Users/fabio_nocezmw/Documents/University/II_Sem_2026/Diseno_Software/lab1-projects/SFML/include/SFML/Audio/SoundSource.hpp...
Generating code for file C:/Users/fabio_nocezmw/Documents/University/II_Sem_2026/Diseno_Software/lab1-projects/SFML/include/SFML/Audio/SoundStream.hpp...
Generating code for file C:/Users/fabio_nocezmw/Documents/University/II_Sem_2026/Diseno_Software/lab1-projects/SFML/include/SFML/Config.hpp...
Generating code for file C:/Users/fabio_nocezmw/Documents/University/II_Sem_2026/Diseno_Software/lab1-projects/SFML/include/SFML/GpuPreference.hpp...
Generating code for file C:/Users/fabio_nocezmw/Documents/University/II_Sem_2026/Diseno_Software/lab1-projects/SFML/include/SFML/Graphics.hpp...
Generating code for file C:/Users/fabio_nocezmw/Documents/University/II_Sem_2026/Diseno_Software/lab1-projects/SFML/include/SFML/Graphics/BlendMode.hpp...
Generating code for file C:/Users/fabio_nocezmw/Documents/University/II_Sem_2026/Diseno_Software/lab1-projects/SFML/include/SFML/Graphics/CircleShape.hpp...
Generating code for file C:/Users/fabio_nocezmw/Documents/University/II_Sem_2026/Diseno_Software/lab1-projects/SFML/include/SFML/Graphics/Color.hpp...
Generating code for file C:/Users/fabio_nocezmw/Documents/University/II_Sem_2026/Diseno_Software/lab1-projects/SFML/include/SFML/Graphics/ConvexShape.hpp...
Generating code for file C:/Users/fabio_nocezmw/Documents/University/II_Sem_2026/Diseno_Software/lab1-projects/SFML/include/SFML/Graphics/CoordinateType.hpp...
Generating code for file C:/Users/fabio_nocezmw/Documents/University/II_Sem_2026/Diseno_Software/lab1-projects/SFML/include/SFML/Graphics/Drawable.hpp...
Generating code for file C:/Users/fabio_nocezmw/Documents/University/II_Sem_2026/Diseno_Software/lab1-projects/SFML/include/SFML/Graphics/Font.hpp...
Generating code for file C:/Users/fabio_nocezmw/Documents/University/II_Sem_2026/Diseno_Software/lab1-projects/SFML/include/SFML/Graphics/Glsl.hpp...
Generating code for file C:/Users/fabio_nocezmw/Documents/University/II_Sem_2026/Diseno_Software/lab1-projects/SFML/include/SFML/Graphics/Glyph.hpp...
Generating code for file C:/Users/fabio_nocezmw/Documents/University/II_Sem_2026/Diseno_Software/lab1-projects/SFML/include/SFML/Graphics/Image.hpp...
Generating code for file C:/Users/fabio_nocezmw/Documents/University/II_Sem_2026/Diseno_Software/lab1-projects/SFML/include/SFML/Graphics/PrimitiveType.hpp...
Generating code for file C:/Users/fabio_nocezmw/Documents/University/II_Sem_2026/Diseno_Software/lab1-projects/SFML/include/SFML/Graphics/Rect.hpp...
Generating code for file C:/Users/fabio_nocezmw/Documents/University/II_Sem_2026/Diseno_Software/lab1-projects/SFML/include/SFML/Graphics/RectangleShape.hpp...
Generating code for file C:/Users/fabio_nocezmw/Documents/University/II_Sem_2026/Diseno_Software/lab1-projects/SFML/include/SFML/Graphics/RenderStates.hpp...
Generating code for file C:/Users/fabio_nocezmw/Documents/University/II_Sem_2026/Diseno_Software/lab1-projects/SFML/include/SFML/Graphics/RenderTarget.hpp...
Generating code for file C:/Users/fabio_nocezmw/Documents/University/II_Sem_2026/Diseno_Software/lab1-projects/SFML/include/SFML/Graphics/RenderTexture.hpp...
Generating code for file C:/Users/fabio_nocezmw/Documents/University/II_Sem_2026/Diseno_Software/lab1-projects/SFML/include/SFML/Graphics/RenderWindow.hpp...
Generating code for file C:/Users/fabio_nocezmw/Documents/University/II_Sem_2026/Diseno_Software/lab1-projects/SFML/include/SFML/Graphics/Shader.hpp...
Generating code for file C:/Users/fabio_nocezmw/Documents/University/II_Sem_2026/Diseno_Software/lab1-projects/SFML/include/SFML/Graphics/Shape.hpp...
Generating code for file C:/Users/fabio_nocezmw/Documents/University/II_Sem_2026/Diseno_Software/lab1-projects/SFML/include/SFML/Graphics/Sprite.hpp...
Generating code for file C:/Users/fabio_nocezmw/Documents/University/II_Sem_2026/Diseno_Software/lab1-projects/SFML/include/SFML/Graphics/StencilMode.hpp...
Generating code for file C:/Users/fabio_nocezmw/Documents/University/II_Sem_2026/Diseno_Software/lab1-projects/SFML/include/SFML/Graphics/Text.hpp...
Generating code for file C:/Users/fabio_nocezmw/Documents/University/II_Sem_2026/Diseno_Software/lab1-projects/SFML/include/SFML/Graphics/Texture.hpp...
Generating code for file C:/Users/fabio_nocezmw/Documents/University/II_Sem_2026/Diseno_Software/lab1-projects/SFML/include/SFML/Graphics/Transform.hpp...
Generating code for file C:/Users/fabio_nocezmw/Documents/University/II_Sem_2026/Diseno_Software/lab1-projects/SFML/include/SFML/Graphics/Transformable.hpp...
Generating code for file C:/Users/fabio_nocezmw/Documents/University/II_Sem_2026/Diseno_Software/lab1-projects/SFML/include/SFML/Graphics/Vertex.hpp...
Generating code for file C:/Users/fabio_nocezmw/Documents/University/II_Sem_2026/Diseno_Software/lab1-projects/SFML/include/SFML/Graphics/VertexArray.hpp...
Generating code for file C:/Users/fabio_nocezmw/Documents/University/II_Sem_2026/Diseno_Software/lab1-projects/SFML/include/SFML/Graphics/VertexBuffer.hpp...
Generating code for file C:/Users/fabio_nocezmw/Documents/University/II_Sem_2026/Diseno_Software/lab1-projects/SFML/include/SFML/Graphics/View.hpp...
Generating code for file C:/Users/fabio_nocezmw/Documents/University/II_Sem_2026/Diseno_Software/lab1-projects/SFML/include/SFML/Main.hpp...
Generating code for file C:/Users/fabio_nocezmw/Documents/University/II_Sem_2026/Diseno_Software/lab1-projects/SFML/include/SFML/Network.hpp...
Generating code for file C:/Users/fabio_nocezmw/Documents/University/II_Sem_2026/Diseno_Software/lab1-projects/SFML/include/SFML/Network/Dns.hpp...
Generating code for file C:/Users/fabio_nocezmw/Documents/University/II_Sem_2026/Diseno_Software/lab1-projects/SFML/include/SFML/Network/Ftp.hpp...
Generating code for file C:/Users/fabio_nocezmw/Documents/University/II_Sem_2026/Diseno_Software/lab1-projects/SFML/include/SFML/Network/Http.hpp...
Generating code for file C:/Users/fabio_nocezmw/Documents/University/II_Sem_2026/Diseno_Software/lab1-projects/SFML/include/SFML/Network/IpAddress.hpp...
Generating code for file C:/Users/fabio_nocezmw/Documents/University/II_Sem_2026/Diseno_Software/lab1-projects/SFML/include/SFML/Network/Packet.hpp...
Generating code for file C:/Users/fabio_nocezmw/Documents/University/II_Sem_2026/Diseno_Software/lab1-projects/SFML/include/SFML/Network/Sftp.hpp...
Generating code for file C:/Users/fabio_nocezmw/Documents/University/II_Sem_2026/Diseno_Software/lab1-projects/SFML/include/SFML/Network/Socket.hpp...
Generating code for file C:/Users/fabio_nocezmw/Documents/University/II_Sem_2026/Diseno_Software/lab1-projects/SFML/include/SFML/Network/SocketHandle.hpp...
Generating code for file C:/Users/fabio_nocezmw/Documents/University/II_Sem_2026/Diseno_Software/lab1-projects/SFML/include/SFML/Network/SocketSelector.hpp...
Generating code for file C:/Users/fabio_nocezmw/Documents/University/II_Sem_2026/Diseno_Software/lab1-projects/SFML/include/SFML/Network/TcpListener.hpp...
Generating code for file C:/Users/fabio_nocezmw/Documents/University/II_Sem_2026/Diseno_Software/lab1-projects/SFML/include/SFML/Network/TcpSocket.hpp...
Generating code for file C:/Users/fabio_nocezmw/Documents/University/II_Sem_2026/Diseno_Software/lab1-projects/SFML/include/SFML/Network/UdpSocket.hpp...
Generating code for file C:/Users/fabio_nocezmw/Documents/University/II_Sem_2026/Diseno_Software/lab1-projects/SFML/include/SFML/OpenGL.hpp...
Generating code for file C:/Users/fabio_nocezmw/Documents/University/II_Sem_2026/Diseno_Software/lab1-projects/SFML/include/SFML/System.hpp...
Generating code for file C:/Users/fabio_nocezmw/Documents/University/II_Sem_2026/Diseno_Software/lab1-projects/SFML/include/SFML/System/Angle.hpp...
Generating code for file C:/Users/fabio_nocezmw/Documents/University/II_Sem_2026/Diseno_Software/lab1-projects/SFML/include/SFML/System/Clock.hpp...
Generating code for file C:/Users/fabio_nocezmw/Documents/University/II_Sem_2026/Diseno_Software/lab1-projects/SFML/include/SFML/System/Err.hpp...
Generating code for file C:/Users/fabio_nocezmw/Documents/University/II_Sem_2026/Diseno_Software/lab1-projects/SFML/include/SFML/System/Exception.hpp...
Generating code for file C:/Users/fabio_nocezmw/Documents/University/II_Sem_2026/Diseno_Software/lab1-projects/SFML/include/SFML/System/FileInputStream.hpp...
Generating code for file C:/Users/fabio_nocezmw/Documents/University/II_Sem_2026/Diseno_Software/lab1-projects/SFML/include/SFML/System/InputStream.hpp...
Generating code for file C:/Users/fabio_nocezmw/Documents/University/II_Sem_2026/Diseno_Software/lab1-projects/SFML/include/SFML/System/MemoryInputStream.hpp...
Generating code for file C:/Users/fabio_nocezmw/Documents/University/II_Sem_2026/Diseno_Software/lab1-projects/SFML/include/SFML/System/NativeActivity.hpp...
Generating code for file C:/Users/fabio_nocezmw/Documents/University/II_Sem_2026/Diseno_Software/lab1-projects/SFML/include/SFML/System/Sleep.hpp...
Generating code for file C:/Users/fabio_nocezmw/Documents/University/II_Sem_2026/Diseno_Software/lab1-projects/SFML/include/SFML/System/String.hpp...
Generating code for file C:/Users/fabio_nocezmw/Documents/University/II_Sem_2026/Diseno_Software/lab1-projects/SFML/include/SFML/System/SuspendAwareClock.hpp...
Generating code for file C:/Users/fabio_nocezmw/Documents/University/II_Sem_2026/Diseno_Software/lab1-projects/SFML/include/SFML/System/Time.hpp...
Generating code for file C:/Users/fabio_nocezmw/Documents/University/II_Sem_2026/Diseno_Software/lab1-projects/SFML/include/SFML/System/TimeoutWithPredicate.hpp...
Generating code for file C:/Users/fabio_nocezmw/Documents/University/II_Sem_2026/Diseno_Software/lab1-projects/SFML/include/SFML/System/Utf.hpp...
Generating code for file C:/Users/fabio_nocezmw/Documents/University/II_Sem_2026/Diseno_Software/lab1-projects/SFML/include/SFML/System/Vector2.hpp...
Generating code for file C:/Users/fabio_nocezmw/Documents/University/II_Sem_2026/Diseno_Software/lab1-projects/SFML/include/SFML/System/Vector3.hpp...
Generating code for file C:/Users/fabio_nocezmw/Documents/University/II_Sem_2026/Diseno_Software/lab1-projects/SFML/include/SFML/System/Version.hpp...
Generating code for file C:/Users/fabio_nocezmw/Documents/University/II_Sem_2026/Diseno_Software/lab1-projects/SFML/include/SFML/Window.hpp...
Generating code for file C:/Users/fabio_nocezmw/Documents/University/II_Sem_2026/Diseno_Software/lab1-projects/SFML/include/SFML/Window/Window.hpp...
Generating code for file C:/Users/fabio_nocezmw/Documents/University/II_Sem_2026/Diseno_Software/lab1-projects/SFML/include/SFML/Window/Clipboard.hpp...
Generating code for file C:/Users/fabio_nocezmw/Documents/University/II_Sem_2026/Diseno_Software/lab1-projects/SFML/include/SFML/Window/Context.hpp...
Generating code for file C:/Users/fabio_nocezmw/Documents/University/II_Sem_2026/Diseno_Software/lab1-projects/SFML/include/SFML/Window/ContextSettings.hpp...
Generating code for file C:/Users/fabio_nocezmw/Documents/University/II_Sem_2026/Diseno_Software/lab1-projects/SFML/include/SFML/Window/Cursor.hpp...
Generating code for file C:/Users/fabio_nocezmw/Documents/University/II_Sem_2026/Diseno_Software/lab1-projects/SFML/include/SFML/Window/Event.hpp...
Generating code for file C:/Users/fabio_nocezmw/Documents/University/II_Sem_2026/Diseno_Software/lab1-projects/SFML/include/SFML/Window/GlResource.hpp...
Generating code for file C:/Users/fabio_nocezmw/Documents/University/II_Sem_2026/Diseno_Software/lab1-projects/SFML/include/SFML/Window/Joystick.hpp...
Generating code for file C:/Users/fabio_nocezmw/Documents/University/II_Sem_2026/Diseno_Software/lab1-projects/SFML/include/SFML/Window/Keyboard.hpp...
Generating code for file C:/Users/fabio_nocezmw/Documents/University/II_Sem_2026/Diseno_Software/lab1-projects/SFML/include/SFML/Window/Mouse.hpp...
Generating code for file C:/Users/fabio_nocezmw/Documents/University/II_Sem_2026/Diseno_Software/lab1-projects/SFML/include/SFML/Window/Sensor.hpp...
Generating code for file C:/Users/fabio_nocezmw/Documents/University/II_Sem_2026/Diseno_Software/lab1-projects/SFML/include/SFML/Window/Touch.hpp...
Generating code for file C:/Users/fabio_nocezmw/Documents/University/II_Sem_2026/Diseno_Software/lab1-projects/SFML/include/SFML/Window/VideoMode.hpp...
Generating code for file C:/Users/fabio_nocezmw/Documents/University/II_Sem_2026/Diseno_Software/lab1-projects/SFML/include/SFML/Window/Vulkan.hpp...
Generating code for file C:/Users/fabio_nocezmw/Documents/University/II_Sem_2026/Diseno_Software/lab1-projects/SFML/include/SFML/Window/WindowBase.hpp...
Generating code for file C:/Users/fabio_nocezmw/Documents/University/II_Sem_2026/Diseno_Software/lab1-projects/SFML/include/SFML/Window/WindowEnums.hpp...
Generating code for file C:/Users/fabio_nocezmw/Documents/University/II_Sem_2026/Diseno_Software/lab1-projects/SFML/include/SFML/Window/WindowHandle.hpp...
Generating code for file C:/Users/fabio_nocezmw/Documents/University/II_Sem_2026/Diseno_Software/lab1-projects/SFML/src/SFML/Audio/AudioDevice.cpp...
Generating code for file C:/Users/fabio_nocezmw/Documents/University/II_Sem_2026/Diseno_Software/lab1-projects/SFML/src/SFML/Audio/AudioDevice.hpp...
Generating code for file C:/Users/fabio_nocezmw/Documents/University/II_Sem_2026/Diseno_Software/lab1-projects/SFML/src/SFML/Audio/AudioResource.cpp...
Generating code for file C:/Users/fabio_nocezmw/Documents/University/II_Sem_2026/Diseno_Software/lab1-projects/SFML/src/SFML/Audio/InputSoundFile.cpp...
Generating code for file C:/Users/fabio_nocezmw/Documents/University/II_Sem_2026/Diseno_Software/lab1-projects/SFML/src/SFML/Audio/Listener.cpp...
Generating code for file C:/Users/fabio_nocezmw/Documents/University/II_Sem_2026/Diseno_Software/lab1-projects/SFML/src/SFML/Audio/Miniaudio.cpp...
Generating code for file C:/Users/fabio_nocezmw/Documents/University/II_Sem_2026/Diseno_Software/lab1-projects/SFML/src/SFML/Audio/MiniaudioUtils.cpp...
Generating code for file C:/Users/fabio_nocezmw/Documents/University/II_Sem_2026/Diseno_Software/lab1-projects/SFML/src/SFML/Audio/MiniaudioUtils.hpp...
Generating code for file C:/Users/fabio_nocezmw/Documents/University/II_Sem_2026/Diseno_Software/lab1-projects/SFML/src/SFML/Audio/Music.cpp...
Generating code for file C:/Users/fabio_nocezmw/Documents/University/II_Sem_2026/Diseno_Software/lab1-projects/SFML/src/SFML/Audio/OutputSoundFile.cpp...
Generating code for file C:/Users/fabio_nocezmw/Documents/University/II_Sem_2026/Diseno_Software/lab1-projects/SFML/src/SFML/Audio/PlaybackDevice.cpp...
Generating code for file C:/Users/fabio_nocezmw/Documents/University/II_Sem_2026/Diseno_Software/lab1-projects/SFML/src/SFML/Audio/Sound.cpp...
Generating code for file C:/Users/fabio_nocezmw/Documents/University/II_Sem_2026/Diseno_Software/lab1-projects/SFML/src/SFML/Audio/SoundBuffer.cpp...
Generating code for file C:/Users/fabio_nocezmw/Documents/University/II_Sem_2026/Diseno_Software/lab1-projects/SFML/src/SFML/Audio/SoundBufferRecorder.cpp...
Generating code for file C:/Users/fabio_nocezmw/Documents/University/II_Sem_2026/Diseno_Software/lab1-projects/SFML/src/SFML/Audio/SoundFileFactory.cpp...
Generating code for file C:/Users/fabio_nocezmw/Documents/University/II_Sem_2026/Diseno_Software/lab1-projects/SFML/src/SFML/Audio/SoundFileReaderFlac.cpp...
Generating code for file C:/Users/fabio_nocezmw/Documents/University/II_Sem_2026/Diseno_Software/lab1-projects/SFML/src/SFML/Audio/SoundFileReaderFlac.hpp...
Generating code for file C:/Users/fabio_nocezmw/Documents/University/II_Sem_2026/Diseno_Software/lab1-projects/SFML/src/SFML/Audio/SoundFileReaderMp3.cpp...
Generating code for file C:/Users/fabio_nocezmw/Documents/University/II_Sem_2026/Diseno_Software/lab1-projects/SFML/src/SFML/Audio/SoundFileReaderMp3.hpp...
Generating code for file C:/Users/fabio_nocezmw/Documents/University/II_Sem_2026/Diseno_Software/lab1-projects/SFML/src/SFML/Audio/SoundFileReaderOgg.cpp...
Generating code for file C:/Users/fabio_nocezmw/Documents/University/II_Sem_2026/Diseno_Software/lab1-projects/SFML/src/SFML/Audio/SoundFileReaderOgg.hpp...
Generating code for file C:/Users/fabio_nocezmw/Documents/University/II_Sem_2026/Diseno_Software/lab1-projects/SFML/src/SFML/Audio/SoundFileReaderWav.cpp...
Generating code for file C:/Users/fabio_nocezmw/Documents/University/II_Sem_2026/Diseno_Software/lab1-projects/SFML/src/SFML/Audio/SoundFileReaderWav.hpp...
Generating code for file C:/Users/fabio_nocezmw/Documents/University/II_Sem_2026/Diseno_Software/lab1-projects/SFML/src/SFML/Audio/SoundFileWriterFlac.cpp...
Generating code for file C:/Users/fabio_nocezmw/Documents/University/II_Sem_2026/Diseno_Software/lab1-projects/SFML/src/SFML/Audio/SoundFileWriterFlac.hpp...
Generating code for file C:/Users/fabio_nocezmw/Documents/University/II_Sem_2026/Diseno_Software/lab1-projects/SFML/src/SFML/Audio/SoundFileWriterOgg.cpp...
Generating code for file C:/Users/fabio_nocezmw/Documents/University/II_Sem_2026/Diseno_Software/lab1-projects/SFML/src/SFML/Audio/SoundFileWriterOgg.hpp...
Generating code for file C:/Users/fabio_nocezmw/Documents/University/II_Sem_2026/Diseno_Software/lab1-projects/SFML/src/SFML/Audio/SoundFileWriterWav.cpp...
Generating code for file C:/Users/fabio_nocezmw/Documents/University/II_Sem_2026/Diseno_Software/lab1-projects/SFML/src/SFML/Audio/SoundFileWriterWav.hpp...
Generating code for file C:/Users/fabio_nocezmw/Documents/University/II_Sem_2026/Diseno_Software/lab1-projects/SFML/src/SFML/Audio/SoundRecorder.cpp...
Generating code for file C:/Users/fabio_nocezmw/Documents/University/II_Sem_2026/Diseno_Software/lab1-projects/SFML/src/SFML/Audio/SoundSource.cpp...
Generating code for file C:/Users/fabio_nocezmw/Documents/University/II_Sem_2026/Diseno_Software/lab1-projects/SFML/src/SFML/Audio/SoundStream.cpp...
Generating code for file C:/Users/fabio_nocezmw/Documents/University/II_Sem_2026/Diseno_Software/lab1-projects/SFML/src/SFML/Graphics/BlendMode.cpp...
Generating code for file C:/Users/fabio_nocezmw/Documents/University/II_Sem_2026/Diseno_Software/lab1-projects/SFML/src/SFML/Graphics/CircleShape.cpp...
Generating code for file C:/Users/fabio_nocezmw/Documents/University/II_Sem_2026/Diseno_Software/lab1-projects/SFML/src/SFML/Graphics/ConvexShape.cpp...
Generating code for file C:/Users/fabio_nocezmw/Documents/University/II_Sem_2026/Diseno_Software/lab1-projects/SFML/src/SFML/Graphics/Font.cpp...
Generating code for file C:/Users/fabio_nocezmw/Documents/University/II_Sem_2026/Diseno_Software/lab1-projects/SFML/src/SFML/Graphics/GLCheck.cpp...
Generating code for file C:/Users/fabio_nocezmw/Documents/University/II_Sem_2026/Diseno_Software/lab1-projects/SFML/src/SFML/Graphics/GLCheck.hpp...
Generating code for file C:/Users/fabio_nocezmw/Documents/University/II_Sem_2026/Diseno_Software/lab1-projects/SFML/src/SFML/Graphics/GLExtensions.cpp...
Generating code for file C:/Users/fabio_nocezmw/Documents/University/II_Sem_2026/Diseno_Software/lab1-projects/SFML/src/SFML/Graphics/GLExtensions.hpp...
Generating code for file C:/Users/fabio_nocezmw/Documents/University/II_Sem_2026/Diseno_Software/lab1-projects/SFML/src/SFML/Graphics/Glsl.cpp...
Generating code for file C:/Users/fabio_nocezmw/Documents/University/II_Sem_2026/Diseno_Software/lab1-projects/SFML/src/SFML/Graphics/Image.cpp...
Generating code for file C:/Users/fabio_nocezmw/Documents/University/II_Sem_2026/Diseno_Software/lab1-projects/SFML/src/SFML/Graphics/RectangleShape.cpp...
Generating code for file C:/Users/fabio_nocezmw/Documents/University/II_Sem_2026/Diseno_Software/lab1-projects/SFML/src/SFML/Graphics/RenderStates.cpp...
Generating code for file C:/Users/fabio_nocezmw/Documents/University/II_Sem_2026/Diseno_Software/lab1-projects/SFML/src/SFML/Graphics/RenderTarget.cpp...
Generating code for file C:/Users/fabio_nocezmw/Documents/University/II_Sem_2026/Diseno_Software/lab1-projects/SFML/src/SFML/Graphics/RenderTexture.cpp...
Generating code for file C:/Users/fabio_nocezmw/Documents/University/II_Sem_2026/Diseno_Software/lab1-projects/SFML/src/SFML/Graphics/RenderTextureImpl.hpp...
Generating code for file C:/Users/fabio_nocezmw/Documents/University/II_Sem_2026/Diseno_Software/lab1-projects/SFML/src/SFML/Graphics/RenderTextureImplDefault.cpp...
Generating code for file C:/Users/fabio_nocezmw/Documents/University/II_Sem_2026/Diseno_Software/lab1-projects/SFML/src/SFML/Graphics/RenderTextureImplDefault.hpp...
Generating code for file C:/Users/fabio_nocezmw/Documents/University/II_Sem_2026/Diseno_Software/lab1-projects/SFML/src/SFML/Graphics/RenderTextureImplFBO.cpp...
Generating code for file C:/Users/fabio_nocezmw/Documents/University/II_Sem_2026/Diseno_Software/lab1-projects/SFML/src/SFML/Graphics/RenderTextureImplFBO.hpp...
Generating code for file C:/Users/fabio_nocezmw/Documents/University/II_Sem_2026/Diseno_Software/lab1-projects/SFML/src/SFML/Graphics/RenderWindow.cpp...
Generating code for file C:/Users/fabio_nocezmw/Documents/University/II_Sem_2026/Diseno_Software/lab1-projects/SFML/src/SFML/Graphics/Shader.cpp...
Generating code for file C:/Users/fabio_nocezmw/Documents/University/II_Sem_2026/Diseno_Software/lab1-projects/SFML/src/SFML/Graphics/Shape.cpp...
Generating code for file C:/Users/fabio_nocezmw/Documents/University/II_Sem_2026/Diseno_Software/lab1-projects/SFML/src/SFML/Graphics/Sprite.cpp...
Generating code for file C:/Users/fabio_nocezmw/Documents/University/II_Sem_2026/Diseno_Software/lab1-projects/SFML/src/SFML/Graphics/StencilMode.cpp...
Generating code for file C:/Users/fabio_nocezmw/Documents/University/II_Sem_2026/Diseno_Software/lab1-projects/SFML/src/SFML/Graphics/Text.cpp...
Generating code for file C:/Users/fabio_nocezmw/Documents/University/II_Sem_2026/Diseno_Software/lab1-projects/SFML/src/SFML/Graphics/Texture.cpp...
Generating code for file C:/Users/fabio_nocezmw/Documents/University/II_Sem_2026/Diseno_Software/lab1-projects/SFML/src/SFML/Graphics/TextureSaver.cpp...
Generating code for file C:/Users/fabio_nocezmw/Documents/University/II_Sem_2026/Diseno_Software/lab1-projects/SFML/src/SFML/Graphics/TextureSaver.hpp...
Generating code for file C:/Users/fabio_nocezmw/Documents/University/II_Sem_2026/Diseno_Software/lab1-projects/SFML/src/SFML/Graphics/Transform.cpp...
Generating code for file C:/Users/fabio_nocezmw/Documents/University/II_Sem_2026/Diseno_Software/lab1-projects/SFML/src/SFML/Graphics/Transformable.cpp...
Generating code for file C:/Users/fabio_nocezmw/Documents/University/II_Sem_2026/Diseno_Software/lab1-projects/SFML/src/SFML/Graphics/VertexArray.cpp...
Generating code for file C:/Users/fabio_nocezmw/Documents/University/II_Sem_2026/Diseno_Software/lab1-projects/SFML/src/SFML/Graphics/VertexBuffer.cpp...
Generating code for file C:/Users/fabio_nocezmw/Documents/University/II_Sem_2026/Diseno_Software/lab1-projects/SFML/src/SFML/Graphics/View.cpp...
Generating code for file C:/Users/fabio_nocezmw/Documents/University/II_Sem_2026/Diseno_Software/lab1-projects/SFML/src/SFML/Main/MainAndroid.cpp...
Generating code for file C:/Users/fabio_nocezmw/Documents/University/II_Sem_2026/Diseno_Software/lab1-projects/SFML/src/SFML/Main/MainWin32.cpp...
Generating code for file C:/Users/fabio_nocezmw/Documents/University/II_Sem_2026/Diseno_Software/lab1-projects/SFML/src/SFML/Network/Dns.cpp...
Generating code for file C:/Users/fabio_nocezmw/Documents/University/II_Sem_2026/Diseno_Software/lab1-projects/SFML/src/SFML/Network/Ftp.cpp...
Generating code for file C:/Users/fabio_nocezmw/Documents/University/II_Sem_2026/Diseno_Software/lab1-projects/SFML/src/SFML/Network/Http.cpp...
Generating code for file C:/Users/fabio_nocezmw/Documents/University/II_Sem_2026/Diseno_Software/lab1-projects/SFML/src/SFML/Network/IpAddress.cpp...
Generating code for file C:/Users/fabio_nocezmw/Documents/University/II_Sem_2026/Diseno_Software/lab1-projects/SFML/src/SFML/Network/Packet.cpp...
Generating code for file C:/Users/fabio_nocezmw/Documents/University/II_Sem_2026/Diseno_Software/lab1-projects/SFML/src/SFML/Network/Sftp.cpp...
Generating code for file C:/Users/fabio_nocezmw/Documents/University/II_Sem_2026/Diseno_Software/lab1-projects/SFML/src/SFML/Network/Socket.cpp...
Generating code for file C:/Users/fabio_nocezmw/Documents/University/II_Sem_2026/Diseno_Software/lab1-projects/SFML/src/SFML/Network/SocketImpl.hpp...
Generating code for file C:/Users/fabio_nocezmw/Documents/University/II_Sem_2026/Diseno_Software/lab1-projects/SFML/src/SFML/Network/SocketSelector.cpp...
Generating code for file C:/Users/fabio_nocezmw/Documents/University/II_Sem_2026/Diseno_Software/lab1-projects/SFML/src/SFML/Network/TcpListener.cpp...
Generating code for file C:/Users/fabio_nocezmw/Documents/University/II_Sem_2026/Diseno_Software/lab1-projects/SFML/src/SFML/Network/TcpSocket.cpp...
Generating code for file C:/Users/fabio_nocezmw/Documents/University/II_Sem_2026/Diseno_Software/lab1-projects/SFML/src/SFML/Network/UdpSocket.cpp...
Generating code for file C:/Users/fabio_nocezmw/Documents/University/II_Sem_2026/Diseno_Software/lab1-projects/SFML/src/SFML/Network/Unix/SocketImpl.cpp...
Generating code for file C:/Users/fabio_nocezmw/Documents/University/II_Sem_2026/Diseno_Software/lab1-projects/SFML/src/SFML/Network/Win32/SocketImpl.cpp...
Generating code for file C:/Users/fabio_nocezmw/Documents/University/II_Sem_2026/Diseno_Software/lab1-projects/SFML/src/SFML/PCH.hpp...
Generating code for file C:/Users/fabio_nocezmw/Documents/University/II_Sem_2026/Diseno_Software/lab1-projects/SFML/src/SFML/System/Android/Activity.cpp...
Generating code for file C:/Users/fabio_nocezmw/Documents/University/II_Sem_2026/Diseno_Software/lab1-projects/SFML/src/SFML/System/Android/Activity.hpp...
Generating code for file C:/Users/fabio_nocezmw/Documents/University/II_Sem_2026/Diseno_Software/lab1-projects/SFML/src/SFML/System/Android/NativeActivity.cpp...
Generating code for file C:/Users/fabio_nocezmw/Documents/University/II_Sem_2026/Diseno_Software/lab1-projects/SFML/src/SFML/System/Android/ResourceStream.cpp...
Generating code for file C:/Users/fabio_nocezmw/Documents/University/II_Sem_2026/Diseno_Software/lab1-projects/SFML/src/SFML/System/Android/ResourceStream.hpp...
Generating code for file C:/Users/fabio_nocezmw/Documents/University/II_Sem_2026/Diseno_Software/lab1-projects/SFML/src/SFML/System/Android/SuspendAwareClock.cpp...
Generating code for file C:/Users/fabio_nocezmw/Documents/University/II_Sem_2026/Diseno_Software/lab1-projects/SFML/src/SFML/System/Clock.cpp...
Generating code for file C:/Users/fabio_nocezmw/Documents/University/II_Sem_2026/Diseno_Software/lab1-projects/SFML/src/SFML/System/EnumArray.hpp...
Generating code for file C:/Users/fabio_nocezmw/Documents/University/II_Sem_2026/Diseno_Software/lab1-projects/SFML/src/SFML/System/Err.cpp...
Generating code for file C:/Users/fabio_nocezmw/Documents/University/II_Sem_2026/Diseno_Software/lab1-projects/SFML/src/SFML/System/FileInputStream.cpp...
Generating code for file C:/Users/fabio_nocezmw/Documents/University/II_Sem_2026/Diseno_Software/lab1-projects/SFML/src/SFML/System/MemoryInputStream.cpp...
Generating code for file C:/Users/fabio_nocezmw/Documents/University/II_Sem_2026/Diseno_Software/lab1-projects/SFML/src/SFML/System/Sleep.cpp...
Generating code for file C:/Users/fabio_nocezmw/Documents/University/II_Sem_2026/Diseno_Software/lab1-projects/SFML/src/SFML/System/String.cpp...
Generating code for file C:/Users/fabio_nocezmw/Documents/University/II_Sem_2026/Diseno_Software/lab1-projects/SFML/src/SFML/System/TimeoutWithPredicate.cpp...
Generating code for file C:/Users/fabio_nocezmw/Documents/University/II_Sem_2026/Diseno_Software/lab1-projects/SFML/src/SFML/System/Unix/SleepImpl.cpp...
Generating code for file C:/Users/fabio_nocezmw/Documents/University/II_Sem_2026/Diseno_Software/lab1-projects/SFML/src/SFML/System/Win32/SleepImpl.cpp...
Generating code for file C:/Users/fabio_nocezmw/Documents/University/II_Sem_2026/Diseno_Software/lab1-projects/SFML/src/SFML/System/Unix/SleepImpl.hpp...
Generating code for file C:/Users/fabio_nocezmw/Documents/University/II_Sem_2026/Diseno_Software/lab1-projects/SFML/src/SFML/System/Win32/SleepImpl.hpp...
Generating code for file C:/Users/fabio_nocezmw/Documents/University/II_Sem_2026/Diseno_Software/lab1-projects/SFML/src/SFML/System/Utils.cpp...
Generating code for file C:/Users/fabio_nocezmw/Documents/University/II_Sem_2026/Diseno_Software/lab1-projects/SFML/src/SFML/System/Utils.hpp...
Generating code for file C:/Users/fabio_nocezmw/Documents/University/II_Sem_2026/Diseno_Software/lab1-projects/SFML/src/SFML/Window/Unix/Utils.hpp...
Generating code for file C:/Users/fabio_nocezmw/Documents/University/II_Sem_2026/Diseno_Software/lab1-projects/SFML/src/SFML/Window/Win32/Utils.hpp...
Generating code for file C:/Users/fabio_nocezmw/Documents/University/II_Sem_2026/Diseno_Software/lab1-projects/SFML/src/SFML/System/Version.cpp...
Generating code for file C:/Users/fabio_nocezmw/Documents/University/II_Sem_2026/Diseno_Software/lab1-projects/SFML/src/SFML/System/Win32/WindowsHeader.hpp...
Generating code for file C:/Users/fabio_nocezmw/Documents/University/II_Sem_2026/Diseno_Software/lab1-projects/SFML/src/SFML/Window/Android/ClipboardImpl.cpp...
Generating code for file C:/Users/fabio_nocezmw/Documents/University/II_Sem_2026/Diseno_Software/lab1-projects/SFML/src/SFML/Window/DRM/ClipboardImpl.cpp...
Generating code for file C:/Users/fabio_nocezmw/Documents/University/II_Sem_2026/Diseno_Software/lab1-projects/SFML/src/SFML/Window/Unix/ClipboardImpl.cpp...
Generating code for file C:/Users/fabio_nocezmw/Documents/University/II_Sem_2026/Diseno_Software/lab1-projects/SFML/src/SFML/Window/Win32/ClipboardImpl.cpp...
Generating code for file C:/Users/fabio_nocezmw/Documents/University/II_Sem_2026/Diseno_Software/lab1-projects/SFML/src/SFML/Window/Android/ClipboardImpl.hpp...
Generating code for file C:/Users/fabio_nocezmw/Documents/University/II_Sem_2026/Diseno_Software/lab1-projects/SFML/src/SFML/Window/ClipboardImpl.hpp...
Generating code for file C:/Users/fabio_nocezmw/Documents/University/II_Sem_2026/Diseno_Software/lab1-projects/SFML/src/SFML/Window/DRM/ClipboardImpl.hpp...
Generating code for file C:/Users/fabio_nocezmw/Documents/University/II_Sem_2026/Diseno_Software/lab1-projects/SFML/src/SFML/Window/iOS/ClipboardImpl.hpp...
Generating code for file C:/Users/fabio_nocezmw/Documents/University/II_Sem_2026/Diseno_Software/lab1-projects/SFML/src/SFML/Window/macOS/ClipboardImpl.hpp...
Generating code for file C:/Users/fabio_nocezmw/Documents/University/II_Sem_2026/Diseno_Software/lab1-projects/SFML/src/SFML/Window/Unix/ClipboardImpl.hpp...
Generating code for file C:/Users/fabio_nocezmw/Documents/University/II_Sem_2026/Diseno_Software/lab1-projects/SFML/src/SFML/Window/Win32/ClipboardImpl.hpp...
Generating code for file C:/Users/fabio_nocezmw/Documents/University/II_Sem_2026/Diseno_Software/lab1-projects/SFML/src/SFML/Window/Android/CursorImpl.cpp...
Generating code for file C:/Users/fabio_nocezmw/Documents/University/II_Sem_2026/Diseno_Software/lab1-projects/SFML/src/SFML/Window/DRM/CursorImpl.cpp...
Generating code for file C:/Users/fabio_nocezmw/Documents/University/II_Sem_2026/Diseno_Software/lab1-projects/SFML/src/SFML/Window/iOS/CursorImpl.cpp...
Generating code for file C:/Users/fabio_nocezmw/Documents/University/II_Sem_2026/Diseno_Software/lab1-projects/SFML/src/SFML/Window/Unix/CursorImpl.cpp...
Generating code for file C:/Users/fabio_nocezmw/Documents/University/II_Sem_2026/Diseno_Software/lab1-projects/SFML/src/SFML/Window/Win32/CursorImpl.cpp...
Generating code for file C:/Users/fabio_nocezmw/Documents/University/II_Sem_2026/Diseno_Software/lab1-projects/SFML/src/SFML/Window/Android/CursorImpl.hpp...
Generating code for file C:/Users/fabio_nocezmw/Documents/University/II_Sem_2026/Diseno_Software/lab1-projects/SFML/src/SFML/Window/CursorImpl.hpp...
Generating code for file C:/Users/fabio_nocezmw/Documents/University/II_Sem_2026/Diseno_Software/lab1-projects/SFML/src/SFML/Window/DRM/CursorImpl.hpp...
Generating code for file C:/Users/fabio_nocezmw/Documents/University/II_Sem_2026/Diseno_Software/lab1-projects/SFML/src/SFML/Window/iOS/CursorImpl.hpp...
Generating code for file C:/Users/fabio_nocezmw/Documents/University/II_Sem_2026/Diseno_Software/lab1-projects/SFML/src/SFML/Window/macOS/CursorImpl.hpp...
Generating code for file C:/Users/fabio_nocezmw/Documents/University/II_Sem_2026/Diseno_Software/lab1-projects/SFML/src/SFML/Window/Unix/CursorImpl.hpp...
Generating code for file C:/Users/fabio_nocezmw/Documents/University/II_Sem_2026/Diseno_Software/lab1-projects/SFML/src/SFML/Window/Win32/CursorImpl.hpp...
Generating code for file C:/Users/fabio_nocezmw/Documents/University/II_Sem_2026/Diseno_Software/lab1-projects/SFML/src/SFML/Window/Android/InputImpl.cpp...
Generating code for file C:/Users/fabio_nocezmw/Documents/University/II_Sem_2026/Diseno_Software/lab1-projects/SFML/src/SFML/Window/DRM/InputImpl.cpp...
Generating code for file C:/Users/fabio_nocezmw/Documents/University/II_Sem_2026/Diseno_Software/lab1-projects/SFML/src/SFML/Window/Unix/InputImpl.cpp...
Generating code for file C:/Users/fabio_nocezmw/Documents/University/II_Sem_2026/Diseno_Software/lab1-projects/SFML/src/SFML/Window/Win32/InputImpl.cpp...
Generating code for file C:/Users/fabio_nocezmw/Documents/University/II_Sem_2026/Diseno_Software/lab1-projects/SFML/src/SFML/Window/Android/JniHelper.cpp...
Generating code for file C:/Users/fabio_nocezmw/Documents/University/II_Sem_2026/Diseno_Software/lab1-projects/SFML/src/SFML/Window/Android/JniHelper.hpp...
Generating code for file C:/Users/fabio_nocezmw/Documents/University/II_Sem_2026/Diseno_Software/lab1-projects/SFML/src/SFML/Window/Android/JoystickButton.hpp...
Generating code for file C:/Users/fabio_nocezmw/Documents/University/II_Sem_2026/Diseno_Software/lab1-projects/SFML/src/SFML/Window/Android/JoystickImpl.cpp...
Generating code for file C:/Users/fabio_nocezmw/Documents/University/II_Sem_2026/Diseno_Software/lab1-projects/SFML/src/SFML/Window/FreeBSD/JoystickImpl.cpp...
Generating code for file C:/Users/fabio_nocezmw/Documents/University/II_Sem_2026/Diseno_Software/lab1-projects/SFML/src/SFML/Window/macOS/JoystickImpl.cpp...
Generating code for file C:/Users/fabio_nocezmw/Documents/University/II_Sem_2026/Diseno_Software/lab1-projects/SFML/src/SFML/Window/NetBSD/JoystickImpl.cpp...
Generating code for file C:/Users/fabio_nocezmw/Documents/University/II_Sem_2026/Diseno_Software/lab1-projects/SFML/src/SFML/Window/OpenBSD/JoystickImpl.cpp...
Generating code for file C:/Users/fabio_nocezmw/Documents/University/II_Sem_2026/Diseno_Software/lab1-projects/SFML/src/SFML/Window/Unix/JoystickImpl.cpp...
Generating code for file C:/Users/fabio_nocezmw/Documents/University/II_Sem_2026/Diseno_Software/lab1-projects/SFML/src/SFML/Window/Win32/JoystickImpl.cpp...
Generating code for file C:/Users/fabio_nocezmw/Documents/University/II_Sem_2026/Diseno_Software/lab1-projects/SFML/src/SFML/Window/Android/JoystickImpl.hpp...
Generating code for file C:/Users/fabio_nocezmw/Documents/University/II_Sem_2026/Diseno_Software/lab1-projects/SFML/src/SFML/Window/FreeBSD/JoystickImpl.hpp...
Generating code for file C:/Users/fabio_nocezmw/Documents/University/II_Sem_2026/Diseno_Software/lab1-projects/SFML/src/SFML/Window/iOS/JoystickImpl.hpp...
Generating code for file C:/Users/fabio_nocezmw/Documents/University/II_Sem_2026/Diseno_Software/lab1-projects/SFML/src/SFML/Window/JoystickImpl.hpp...
Generating code for file C:/Users/fabio_nocezmw/Documents/University/II_Sem_2026/Diseno_Software/lab1-projects/SFML/src/SFML/Window/macOS/JoystickImpl.hpp...
Generating code for file C:/Users/fabio_nocezmw/Documents/University/II_Sem_2026/Diseno_Software/lab1-projects/SFML/src/SFML/Window/NetBSD/JoystickImpl.hpp...
Generating code for file C:/Users/fabio_nocezmw/Documents/University/II_Sem_2026/Diseno_Software/lab1-projects/SFML/src/SFML/Window/OpenBSD/JoystickImpl.hpp...
Generating code for file C:/Users/fabio_nocezmw/Documents/University/II_Sem_2026/Diseno_Software/lab1-projects/SFML/src/SFML/Window/Unix/JoystickImpl.hpp...
Generating code for file C:/Users/fabio_nocezmw/Documents/University/II_Sem_2026/Diseno_Software/lab1-projects/SFML/src/SFML/Window/Win32/JoystickImpl.hpp...
Generating code for file C:/Users/fabio_nocezmw/Documents/University/II_Sem_2026/Diseno_Software/lab1-projects/SFML/src/SFML/Window/Android/SensorImpl.cpp...
Generating code for file C:/Users/fabio_nocezmw/Documents/University/II_Sem_2026/Diseno_Software/lab1-projects/SFML/src/SFML/Window/macOS/SensorImpl.cpp...
Generating code for file C:/Users/fabio_nocezmw/Documents/University/II_Sem_2026/Diseno_Software/lab1-projects/SFML/src/SFML/Window/Unix/SensorImpl.cpp...
Generating code for file C:/Users/fabio_nocezmw/Documents/University/II_Sem_2026/Diseno_Software/lab1-projects/SFML/src/SFML/Window/Win32/SensorImpl.cpp...
Generating code for file C:/Users/fabio_nocezmw/Documents/University/II_Sem_2026/Diseno_Software/lab1-projects/SFML/src/SFML/Window/Android/SensorImpl.hpp...
Generating code for file C:/Users/fabio_nocezmw/Documents/University/II_Sem_2026/Diseno_Software/lab1-projects/SFML/src/SFML/Window/iOS/SensorImpl.hpp...
Generating code for file C:/Users/fabio_nocezmw/Documents/University/II_Sem_2026/Diseno_Software/lab1-projects/SFML/src/SFML/Window/macOS/SensorImpl.hpp...
Generating code for file C:/Users/fabio_nocezmw/Documents/University/II_Sem_2026/Diseno_Software/lab1-projects/SFML/src/SFML/Window/SensorImpl.hpp...
Generating code for file C:/Users/fabio_nocezmw/Documents/University/II_Sem_2026/Diseno_Software/lab1-projects/SFML/src/SFML/Window/Unix/SensorImpl.hpp...
Generating code for file C:/Users/fabio_nocezmw/Documents/University/II_Sem_2026/Diseno_Software/lab1-projects/SFML/src/SFML/Window/Win32/SensorImpl.hpp...
Generating code for file C:/Users/fabio_nocezmw/Documents/University/II_Sem_2026/Diseno_Software/lab1-projects/SFML/src/SFML/Window/Android/VideoModeImpl.cpp...
Generating code for file C:/Users/fabio_nocezmw/Documents/University/II_Sem_2026/Diseno_Software/lab1-projects/SFML/src/SFML/Window/DRM/VideoModeImpl.cpp...
Generating code for file C:/Users/fabio_nocezmw/Documents/University/II_Sem_2026/Diseno_Software/lab1-projects/SFML/src/SFML/Window/macOS/VideoModeImpl.cpp...
Generating code for file C:/Users/fabio_nocezmw/Documents/University/II_Sem_2026/Diseno_Software/lab1-projects/SFML/src/SFML/Window/Unix/VideoModeImpl.cpp...
Generating code for file C:/Users/fabio_nocezmw/Documents/University/II_Sem_2026/Diseno_Software/lab1-projects/SFML/src/SFML/Window/Win32/VideoModeImpl.cpp...
Generating code for file C:/Users/fabio_nocezmw/Documents/University/II_Sem_2026/Diseno_Software/lab1-projects/SFML/src/SFML/Window/Android/WindowImplAndroid.cpp...
Generating code for file C:/Users/fabio_nocezmw/Documents/University/II_Sem_2026/Diseno_Software/lab1-projects/SFML/src/SFML/Window/Android/WindowImplAndroid.hpp...
Generating code for file C:/Users/fabio_nocezmw/Documents/University/II_Sem_2026/Diseno_Software/lab1-projects/SFML/src/SFML/Window/Clipboard.cpp...
Generating code for file C:/Users/fabio_nocezmw/Documents/University/II_Sem_2026/Diseno_Software/lab1-projects/SFML/src/SFML/Window/Context.cpp...
Generating code for file C:/Users/fabio_nocezmw/Documents/University/II_Sem_2026/Diseno_Software/lab1-projects/SFML/src/SFML/Window/Cursor.cpp...
Generating code for file C:/Users/fabio_nocezmw/Documents/University/II_Sem_2026/Diseno_Software/lab1-projects/SFML/src/SFML/Window/DRM/DRMContext.cpp...
Generating code for file C:/Users/fabio_nocezmw/Documents/University/II_Sem_2026/Diseno_Software/lab1-projects/SFML/src/SFML/Window/DRM/DRMContext.hpp...
Generating code for file C:/Users/fabio_nocezmw/Documents/University/II_Sem_2026/Diseno_Software/lab1-projects/SFML/src/SFML/Window/DRM/WindowImplDRM.cpp...
Generating code for file C:/Users/fabio_nocezmw/Documents/University/II_Sem_2026/Diseno_Software/lab1-projects/SFML/src/SFML/Window/DRM/WindowImplDRM.hpp...
Generating code for file C:/Users/fabio_nocezmw/Documents/University/II_Sem_2026/Diseno_Software/lab1-projects/SFML/src/SFML/Window/EGLCheck.cpp...
Generating code for file C:/Users/fabio_nocezmw/Documents/University/II_Sem_2026/Diseno_Software/lab1-projects/SFML/src/SFML/Window/EGLCheck.hpp...
Generating code for file C:/Users/fabio_nocezmw/Documents/University/II_Sem_2026/Diseno_Software/lab1-projects/SFML/src/SFML/Window/EglContext.cpp...
Generating code for file C:/Users/fabio_nocezmw/Documents/University/II_Sem_2026/Diseno_Software/lab1-projects/SFML/src/SFML/Window/EglContext.hpp...
Generating code for file C:/Users/fabio_nocezmw/Documents/University/II_Sem_2026/Diseno_Software/lab1-projects/SFML/src/SFML/Window/GlContext.cpp...
Generating code for file C:/Users/fabio_nocezmw/Documents/University/II_Sem_2026/Diseno_Software/lab1-projects/SFML/src/SFML/Window/GlContext.hpp...
Generating code for file C:/Users/fabio_nocezmw/Documents/University/II_Sem_2026/Diseno_Software/lab1-projects/SFML/src/SFML/Window/GlResource.cpp...
Generating code for file C:/Users/fabio_nocezmw/Documents/University/II_Sem_2026/Diseno_Software/lab1-projects/SFML/src/SFML/Window/InputImpl.hpp...
Generating code for file C:/Users/fabio_nocezmw/Documents/University/II_Sem_2026/Diseno_Software/lab1-projects/SFML/src/SFML/Window/iOS/EaglContext.hpp...
Generating code for file C:/Users/fabio_nocezmw/Documents/University/II_Sem_2026/Diseno_Software/lab1-projects/SFML/src/SFML/Window/iOS/ObjCType.hpp...
Generating code for file C:/Users/fabio_nocezmw/Documents/University/II_Sem_2026/Diseno_Software/lab1-projects/SFML/src/SFML/Window/iOS/SFAppDelegate.hpp...
Generating code for file C:/Users/fabio_nocezmw/Documents/University/II_Sem_2026/Diseno_Software/lab1-projects/SFML/src/SFML/Window/iOS/SFMain.hpp...
Generating code for file C:/Users/fabio_nocezmw/Documents/University/II_Sem_2026/Diseno_Software/lab1-projects/SFML/src/SFML/Window/iOS/SFView.hpp...
Generating code for file C:/Users/fabio_nocezmw/Documents/University/II_Sem_2026/Diseno_Software/lab1-projects/SFML/src/SFML/Window/iOS/SFViewController.hpp...
Generating code for file C:/Users/fabio_nocezmw/Documents/University/II_Sem_2026/Diseno_Software/lab1-projects/SFML/src/SFML/Window/iOS/WindowImplUIKit.hpp...
Generating code for file C:/Users/fabio_nocezmw/Documents/University/II_Sem_2026/Diseno_Software/lab1-projects/SFML/src/SFML/Window/Joystick.cpp...
Generating code for file C:/Users/fabio_nocezmw/Documents/University/II_Sem_2026/Diseno_Software/lab1-projects/SFML/src/SFML/Window/JoystickManager.cpp...
Generating code for file C:/Users/fabio_nocezmw/Documents/University/II_Sem_2026/Diseno_Software/lab1-projects/SFML/src/SFML/Window/JoystickManager.hpp...
Generating code for file C:/Users/fabio_nocezmw/Documents/University/II_Sem_2026/Diseno_Software/lab1-projects/SFML/src/SFML/Window/Keyboard.cpp...
Generating code for file C:/Users/fabio_nocezmw/Documents/University/II_Sem_2026/Diseno_Software/lab1-projects/SFML/src/SFML/Window/macOS/AutoreleasePoolWrapper.hpp...
Generating code for file C:/Users/fabio_nocezmw/Documents/University/II_Sem_2026/Diseno_Software/lab1-projects/SFML/src/SFML/Window/macOS/cg_sf_conversion.hpp...
Generating code for file C:/Users/fabio_nocezmw/Documents/University/II_Sem_2026/Diseno_Software/lab1-projects/SFML/src/SFML/Window/macOS/HIDInputManager.hpp...
Generating code for file C:/Users/fabio_nocezmw/Documents/University/II_Sem_2026/Diseno_Software/lab1-projects/SFML/src/SFML/Window/macOS/HIDJoystickManager.cpp...
Generating code for file C:/Users/fabio_nocezmw/Documents/University/II_Sem_2026/Diseno_Software/lab1-projects/SFML/src/SFML/Window/macOS/HIDJoystickManager.hpp...
Generating code for file C:/Users/fabio_nocezmw/Documents/University/II_Sem_2026/Diseno_Software/lab1-projects/SFML/src/SFML/Window/macOS/NSImage+raw.h...
Generating code for file C:/Users/fabio_nocezmw/Documents/University/II_Sem_2026/Diseno_Software/lab1-projects/SFML/src/SFML/Window/macOS/Scaling.h...
Generating code for file C:/Users/fabio_nocezmw/Documents/University/II_Sem_2026/Diseno_Software/lab1-projects/SFML/src/SFML/Window/macOS/SFApplication.h...
Generating code for file C:/Users/fabio_nocezmw/Documents/University/II_Sem_2026/Diseno_Software/lab1-projects/SFML/src/SFML/Window/macOS/SFApplicationDelegate.h...
Generating code for file C:/Users/fabio_nocezmw/Documents/University/II_Sem_2026/Diseno_Software/lab1-projects/SFML/src/SFML/Window/macOS/SFContext.hpp...
Generating code for file C:/Users/fabio_nocezmw/Documents/University/II_Sem_2026/Diseno_Software/lab1-projects/SFML/src/SFML/Window/macOS/SFKeyboardModifiersHelper.h...
Generating code for file C:/Users/fabio_nocezmw/Documents/University/II_Sem_2026/Diseno_Software/lab1-projects/SFML/src/SFML/Window/macOS/SFOpenGLView+keyboard_priv.h...
Generating code for file C:/Users/fabio_nocezmw/Documents/University/II_Sem_2026/Diseno_Software/lab1-projects/SFML/src/SFML/Window/macOS/SFOpenGLView+mouse_priv.h...
Generating code for file C:/Users/fabio_nocezmw/Documents/University/II_Sem_2026/Diseno_Software/lab1-projects/SFML/src/SFML/Window/macOS/SFOpenGLView.h...
Generating code for file C:/Users/fabio_nocezmw/Documents/University/II_Sem_2026/Diseno_Software/lab1-projects/SFML/src/SFML/Window/macOS/SFSilentResponder.h...
Generating code for file C:/Users/fabio_nocezmw/Documents/University/II_Sem_2026/Diseno_Software/lab1-projects/SFML/src/SFML/Window/macOS/SFViewController.h...
Generating code for file C:/Users/fabio_nocezmw/Documents/University/II_Sem_2026/Diseno_Software/lab1-projects/SFML/src/SFML/Window/macOS/SFWindow.h...
Generating code for file C:/Users/fabio_nocezmw/Documents/University/II_Sem_2026/Diseno_Software/lab1-projects/SFML/src/SFML/Window/macOS/SFWindowController.h...
Generating code for file C:/Users/fabio_nocezmw/Documents/University/II_Sem_2026/Diseno_Software/lab1-projects/SFML/src/SFML/Window/macOS/WindowImplCocoa.hpp...
Generating code for file C:/Users/fabio_nocezmw/Documents/University/II_Sem_2026/Diseno_Software/lab1-projects/SFML/src/SFML/Window/macOS/WindowImplDelegateProtocol.h...
Generating code for file C:/Users/fabio_nocezmw/Documents/University/II_Sem_2026/Diseno_Software/lab1-projects/SFML/src/SFML/Window/Mouse.cpp...
Generating code for file C:/Users/fabio_nocezmw/Documents/University/II_Sem_2026/Diseno_Software/lab1-projects/SFML/src/SFML/Window/Sensor.cpp...
Generating code for file C:/Users/fabio_nocezmw/Documents/University/II_Sem_2026/Diseno_Software/lab1-projects/SFML/src/SFML/Window/SensorManager.cpp...
Generating code for file C:/Users/fabio_nocezmw/Documents/University/II_Sem_2026/Diseno_Software/lab1-projects/SFML/src/SFML/Window/SensorManager.hpp...
Generating code for file C:/Users/fabio_nocezmw/Documents/University/II_Sem_2026/Diseno_Software/lab1-projects/SFML/src/SFML/Window/Touch.cpp...
Generating code for file C:/Users/fabio_nocezmw/Documents/University/II_Sem_2026/Diseno_Software/lab1-projects/SFML/src/SFML/Window/Unix/Display.cpp...
Generating code for file C:/Users/fabio_nocezmw/Documents/University/II_Sem_2026/Diseno_Software/lab1-projects/SFML/src/SFML/Window/Unix/Display.hpp...
Generating code for file C:/Users/fabio_nocezmw/Documents/University/II_Sem_2026/Diseno_Software/lab1-projects/SFML/src/SFML/Window/Unix/GlxContext.cpp...
Generating code for file C:/Users/fabio_nocezmw/Documents/University/II_Sem_2026/Diseno_Software/lab1-projects/SFML/src/SFML/Window/Unix/GlxContext.hpp...
Generating code for file C:/Users/fabio_nocezmw/Documents/University/II_Sem_2026/Diseno_Software/lab1-projects/SFML/src/SFML/Window/Unix/KeyboardImpl.cpp...
Generating code for file C:/Users/fabio_nocezmw/Documents/University/II_Sem_2026/Diseno_Software/lab1-projects/SFML/src/SFML/Window/Unix/KeyboardImpl.hpp...
Generating code for file C:/Users/fabio_nocezmw/Documents/University/II_Sem_2026/Diseno_Software/lab1-projects/SFML/src/SFML/Window/Unix/KeySymToKeyMapping.cpp...
Generating code for file C:/Users/fabio_nocezmw/Documents/University/II_Sem_2026/Diseno_Software/lab1-projects/SFML/src/SFML/Window/Unix/KeySymToKeyMapping.hpp...
Generating code for file C:/Users/fabio_nocezmw/Documents/University/II_Sem_2026/Diseno_Software/lab1-projects/SFML/src/SFML/Window/Unix/KeySymToUnicodeMapping.cpp...
Generating code for file C:/Users/fabio_nocezmw/Documents/University/II_Sem_2026/Diseno_Software/lab1-projects/SFML/src/SFML/Window/Unix/KeySymToUnicodeMapping.hpp...
Generating code for file C:/Users/fabio_nocezmw/Documents/University/II_Sem_2026/Diseno_Software/lab1-projects/SFML/src/SFML/Window/Unix/VulkanImplX11.cpp...
Generating code for file C:/Users/fabio_nocezmw/Documents/University/II_Sem_2026/Diseno_Software/lab1-projects/SFML/src/SFML/Window/Unix/WindowImplX11.cpp...
Generating code for file C:/Users/fabio_nocezmw/Documents/University/II_Sem_2026/Diseno_Software/lab1-projects/SFML/src/SFML/Window/Unix/WindowImplX11.hpp...
Generating code for file C:/Users/fabio_nocezmw/Documents/University/II_Sem_2026/Diseno_Software/lab1-projects/SFML/src/SFML/Window/VideoMode.cpp...
Generating code for file C:/Users/fabio_nocezmw/Documents/University/II_Sem_2026/Diseno_Software/lab1-projects/SFML/src/SFML/Window/VideoModeImpl.hpp...
Generating code for file C:/Users/fabio_nocezmw/Documents/University/II_Sem_2026/Diseno_Software/lab1-projects/SFML/src/SFML/Window/Vulkan.cpp...
Generating code for file C:/Users/fabio_nocezmw/Documents/University/II_Sem_2026/Diseno_Software/lab1-projects/SFML/src/SFML/Window/VulkanImpl.hpp...
Generating code for file C:/Users/fabio_nocezmw/Documents/University/II_Sem_2026/Diseno_Software/lab1-projects/SFML/src/SFML/Window/Win32/VulkanImplWin32.cpp...
Generating code for file C:/Users/fabio_nocezmw/Documents/University/II_Sem_2026/Diseno_Software/lab1-projects/SFML/src/SFML/Window/Win32/WglContext.cpp...
Generating code for file C:/Users/fabio_nocezmw/Documents/University/II_Sem_2026/Diseno_Software/lab1-projects/C:/Users/fabio_nocezmw/Documents/University/II_Sem_2026/Diseno_Software/lab1-projects/SFML/src/SFML/Window/macOS/SFOpenGLView.h:96: warning: The following parameter of -[SFOpenGLView initWithFrame:fullscreen:highDpi:](NSRect frameRect,[fullscreen] BOOL isFullscreen,[highDpi] BOOL isHighDpi) is not documented:
  parameter 'isHighDpi'
C:/Users/fabio_nocezmw/Documents/University/II_Sem_2026/Diseno_Software/lab1-projects/SFML/src/SFML/Window/iOS/SFView.hpp:45: warning: The following parameter of -[SFView initWithFrame:andContentScaleFactor:](CGRect frame,[andContentScaleFactor] CGFloat factor) is not documented:
  parameter 'factor'
SFML/src/SFML/Window/Win32/WglContext.hpp...
Generating code for file C:/Users/fabio_nocezmw/Documents/University/II_Sem_2026/Diseno_Software/lab1-projects/SFML/src/SFML/Window/Win32/WindowImplWin32.cpp...
Generating code for file C:/Users/fabio_nocezmw/Documents/University/II_Sem_2026/Diseno_Software/lab1-projects/SFML/src/SFML/Window/Win32/WindowImplWin32.hpp...
Generating code for file C:/Users/fabio_nocezmw/Documents/University/II_Sem_2026/Diseno_Software/lab1-projects/SFML/src/SFML/Window/Window.cpp...
Generating code for file C:/Users/fabio_nocezmw/Documents/University/II_Sem_2026/Diseno_Software/lab1-projects/SFML/src/SFML/Window/WindowBase.cpp...
Generating code for file C:/Users/fabio_nocezmw/Documents/University/II_Sem_2026/Diseno_Software/lab1-projects/SFML/src/SFML/Window/WindowImpl.cpp...
Generating code for file C:/Users/fabio_nocezmw/Documents/University/II_Sem_2026/Diseno_Software/lab1-projects/SFML/src/SFML/Window/WindowImpl.hpp...
Counting members...
Generating file documentation...
Generating docs for file C:/Users/fabio_nocezmw/Documents/University/II_Sem_2026/Diseno_Software/lab1-projects/SFML/include/SFML/GpuPreference.hpp...
Generating page documentation...
Generating docs for page deprecated...
Generating group documentation...
Generating class documentation...
Generating docs for compound NSImage(raw)...
Generating docs for compound NSWindow(SFML)...
Generating docs for compound SFAppDelegate...
Generating docs for compound SFApplication...
Generating docs for compound SFApplicationDelegate...
Generating docs for compound SFOpenGLView...
Generating docs for compound SFOpenGLView(keyboard_priv)...
Generating docs for compound SFOpenGLView(mouse_priv)...
Generating docs for compound SFSilentResponder...
Generating docs for compound SFView...
Generating docs for compound SFViewController...
Generating docs for compound SFWindow...
Generating docs for compound SFWindowController...
Generating docs for compound <WindowImplDelegateProtocol>...
Generating concept documentation...
Generating module documentation...
Generating namespace documentation...
Generating docs for compound sf::Angle...
Generating docs for compound sf::AudioResource...
Generating docs for compound sf::AutoreleasePool...
Generating docs for compound sf::BlendMode...
Generating docs for compound sf::CircleShape...
Generating docs for compound sf::Clock...
Generating docs for compound sf::Color...
Generating docs for compound sf::Context...
Generating docs for compound sf::ContextSettings...
Generating docs for compound sf::ConvexShape...
Generating docs for compound sf::Cursor...
Generating docs for compound sf::Drawable...
Generating docs for compound sf::Event...
Generating docs for nested compound sf::Event::Closed...
Generating docs for nested compound sf::Event::Resized...
Generating docs for nested compound sf::Event::FocusLost...
Generating docs for nested compound sf::Event::FocusGained...
Generating docs for nested compound sf::Event::TextEntered...
Generating docs for nested compound sf::Event::KeyPressed...
Generating docs for nested compound sf::Event::KeyReleased...
Generating docs for nested compound sf::Event::MouseWheelScrolled...
Generating docs for nested compound sf::Event::MouseButtonPressed...
Generating docs for nested compound sf::Event::MouseButtonReleased...
Generating docs for nested compound sf::Event::MouseMoved...
Generating docs for nested compound sf::Event::MouseMovedRaw...
Generating docs for nested compound sf::Event::MouseEntered...
Generating docs for nested compound sf::Event::MouseLeft...
Generating docs for nested compound sf::Event::JoystickButtonPressed...
Generating docs for nested compound sf::Event::JoystickButtonReleased...
Generating docs for nested compound sf::Event::JoystickMoved...
Generating docs for nested compound sf::Event::JoystickConnected...
Generating docs for nested compound sf::Event::JoystickDisconnected...
Generating docs for nested compound sf::Event::TouchBegan...
Generating docs for nested compound sf::Event::TouchMoved...
Generating docs for nested compound sf::Event:C:/Users/fabio_nocezmw/Documents/University/II_Sem_2026/Diseno_Software/lab1-projects/SFML/include/SFML/Network/Sftp.hpp:312: warning: Member Type (enumeration) of struct sf::Sftp::SessionInfo::HostKey is not documented.
:TouchEnded...
Generating docs for nested compound sf::Event::SensorChanged...
Generating docs for compound sf::Exception...
Generating docs for compound sf::FileInputStream...
Generating docs for compound sf::Font...
Generating docs for nested compound sf::Font::Info...
Generating docs for compound sf::Ftp...
Generating docs for nested compound sf::Ftp::Response...
Generating docs for nested compound sf::Ftp::DirectoryResponse...
Generating docs for nested compound sf::Ftp::ListingResponse...
Generating docs for compound sf::GlResource...
Generating docs for nested compound sf::GlResource::TransientContextLock...
Generating docs for compound sf::Glyph...
Generating docs for compound sf::Http...
Generating docs for nested compound sf::Http::Request...
Generating docs for nested compound sf::Http::Response...
Generating docs for compound sf::Image...
Generating docs for compound sf::InputSoundFile...
Generating docs for compound sf::InputStream...
Generating docs for compound sf::IpAddress...
Generating docs for compound sf::MemoryInputStream...
Generating docs for compound sf::Music...
Generating docs for nested compound sf::Music::Span< T >...
Generating docs for compound sf::OutputSoundFile...
Generating docs for compound sf::Packet...
Generating docs for compound sf::Rect< T >...
Generating docs for compound sf::RectangleShape...
Generating docs for compound sf::RenderStates...
Generating docs for compound sf::RenderTarget...
Generating docs for compound sf::RenderTexture...
Generating docs for compound sf::RenderWindow...
Generating docs for compound sf::Sftp...
Generating docs for nested compound sf::Sftp::Result...
Generating docs for nested compound sf::Sftp::PathResult...
Generating docs for nested compound sf::Sftp::Attributes...
Generating docs for nested compound sf::Sftp::AttributesResult...
Generating docs for nested compound sf::Sftp::ListingResult...
Generating docs for nested compound sf::Sftp::SessionInfo...
Generating docs for nested compound sf::Sftp::SessionInfo::HostKey...
Generating docs for compound sf::Shader...
Generating docs for nested compound sf::Shader::CurrentTextureType...
Generating docs for compound sf::Shape...
Generating docs for compound sf::Socket...
Generating docs for compound sf::SocketSelector...
Generating docs for compound sf::Sound...
Generating docs for compound sf::SoundBuffer...
Generating docs for compound sf::SoundBufferRecorder...
Generating docs for compound sf::SoundFileFactory...
Generating docs for compound sf::SoundFileReader...
Generating docs for nested compound sf::SoundFileReader::Info...
Generating docs for compound sf::SoundFileWriter...
Generating docs for compound sf::SoundRecorder...
Generating docs for compound sf::SoundSource...
Generating docs for nested compound sf::SoundSource::Cone...
Generating docs for compound sf::SoundStream...
Generating docs for nested compound sf::SoundStream::Chunk...
Generating docs for compound sf::Sprite...
Generating docs for compound sf::StencilMode...
Generating docs for compound sf::StencilValue...
Generating docs for compound sf::String...
Generating docs for compound sf::SuspendAwareClock...
Generating docs for compound sf::TcpListener...
Generating docs for compound sf::TcpSocket...
Generating docs for compound sf::Text...
Generating docs for nested compound sf::Text::ShapedGlyph...
Generating docs for compound sf::Texture...
Generating docs for compound sf::Time...
Generating docs for compound sf::TimeoutWithPredicate...
Generating docs for compound sf::Transform...
Generating docs for compound sf::Transformable...
Generating docs for compound sf::U8StringCharTraits...
Generating docs for compound sf::UdpSocket...
Generating docs for compound sf::Utf< N >...
Generating docs for compound sf::Utf< 16 >...
Generating docs for compound sf::Utf< 32 >...
Generating docs for compound sf::Utf< 8 >...
Generating docs for compound sf::Vector2< T >...
Generating docs for compound sf::Vector3< T >...
Generating docs for compound sf::Vertex...
Generating docs for compound sf::VertexArray...
Generating docs for compound sf::VertexBuffer...
Generating docs for compound sf::VideoMode...
Generating docs for compound sf::View...
Generating docs for compound sf::Window...
Generating docs for compound sf::WindowBase...
Generating docs for namespace sf::Clipboard
Generating docs for namespace sf::Dns
Generating docs for compound sf::Dns::MxRecord...
Generating docs for compound sf::Dns::SrvRecord...
Generating docs for namespace sf::Glsl
Generating docs for namespace sf::Joystick
Generating docs for compound sf::Joystick::Identification...
Generating docs for namespace sf::Keyboard
Generating docs for namespace sf::Listener
Generating docs for compound sf::Listener::Cone...
Generating docs for namespace sf::Mouse
Generating docs for namespace sf::priv
Generating docs for compound sf::priv::AudioDevice...
Generating docs for compound sf::priv::EglScopedChecker...
Generating docs for compound sf::priv::EnumArray< Enum, Value, Count >...
Generating docs for compound sf::priv::GlContext...
Generating docs for compound sf::priv::GlScopedChecker...
Generating docs for compound sf::priv::Jni...
Generating docs for compound sf::priv::JniArray< T >...
Generating docs for compound sf::priv::JniInputDevice...
Generating docs for compound sf::priv::JniInputDeviceClass...
Generating docs for compound sf::priv::JoystickCaps...
Generating docs for compound sf::priv::JoystickImpl...
Generating docs for compound sf::priv::JoystickManager...
Generating docs for compound sf::priv::JoystickState...
Generating docs for compound sf::priv::RenderTextureImpl...
Generating docs for compound sf::priv::RenderTextureImplDefault...
Generating docs for compound sf::priv::RenderTextureImplFBO...
Generating docs for compound sf::priv::ResourceStream...
Generating docs for compound sf::priv::SensorManager...
Generating docs for compound sf::priv::SoundFileReaderFlac...
Generating docs for nested compound sf::priv::SoundFileReaderFlac::ClientData...
Generating docs for compound sf::priv::SoundFileReaderMp3...
Generating docs for compound sf::priv::SoundFileReaderOgg...
Generating docs for compound sf::priv::SoundFileReaderWav...
Generating docs for compound sf::priv::SoundFileWriterFlac...
Generating docs for compound sf::priv::SoundFileWriterOgg...
Generating docs for compound sf::priv::SoundFileWriterWav...
Generating docs for compound sf::priv::TextureSaver...
Generating docs for compound sf::priv::VideoModeImpl...
Generating docs for compound sf::priv::WindowImpl...
Generating docs for compound sf::priv::XDeleter< T >...
Generating docs for namespace sf::priv::SocketImpl
Generating docs for namespace sf::Sensor
Generating docs for namespace sf::Touch
Generating docs for namespace sf::Vulkan
Generating graph info page...
Generating directory documentation...
Generating dependency graph for directory C:/Users/fabio_nocezmw/Documents/University/II_Sem_2026/Diseno_Software/lab1-projects/SFML/src/SFML/System/Android
Generating dependency graph for directory C:/Users/fabio_nocezmw/Documents/University/II_Sem_2026/Diseno_Software/lab1-projects/SFML/src/SFML/Window/Android
Generating dependency graph for directory C:/Users/fabio_nocezmw/Documents/University/II_Sem_2026/Diseno_Software/lab1-projects/SFML/include/SFML/Audio
Generating dependency graph for directory C:/Users/fabio_nocezmw/Documents/University/II_Sem_2026/Diseno_Software/lab1-projects/SFML/src/SFML/Audio
Generating dependency graph for directory C:/Users/fabio_nocezmw/Documents/University/II_Sem_2026/Diseno_Software/lab1-projects/SFML/src/SFML/Window/DRM
Generating dependency graph for directory C:/Users/fabio_nocezmw/Documents/University/II_Sem_2026/Diseno_Software/lab1-projects/SFML/src/SFML/Window/FreeBSD
Generating dependency graph for directory C:/Users/fabio_nocezmw/Documents/University/II_Sem_2026/Diseno_Software/lab1-projects/SFML/include/SFML/Graphics
Generating dependency graph for directory C:/Users/fabio_nocezmw/Documents/University/II_Sem_2026/Diseno_Software/lab1-projects/SFML/src/SFML/Graphics
Generating dependency graph for directory C:/Users/fabio_nocezmw/Documents/University/II_Sem_2026/Diseno_Software/lab1-projects/SFML/include
Generating dependency graph for directory C:/Users/fabio_nocezmw/Documents/University/II_Sem_2026/Diseno_Software/lab1-projects/SFML/src/SFML/Window/iOS
Generating dependency graph for directory C:/Users/fabio_nocezmw/Documents/University/II_Sem_2026/Diseno_Software/lab1-projects/SFML/src/SFML/Window/macOS
Generating dependency graph for directory C:/Users/fabio_nocezmw/Documents/University/II_Sem_2026/Diseno_Software/lab1-projects/SFML/src/SFML/Main
Generating dependency graph for directory C:/Users/fabio_nocezmw/Documents/University/II_Sem_2026/Diseno_Software/lab1-projects/SFML/src/SFML/Window/NetBSD
Generating dependency graph for directory C:/Users/fabio_nocezmw/Documents/University/II_Sem_2026/Diseno_Software/lab1-projects/SFML/include/SFML/Network
Generating dependency graph for directory C:/Users/fabio_nocezmw/Documents/University/II_Sem_2026/Diseno_Software/lab1-projects/SFML/src/SFML/Network
Generating dependency graph for directory C:/Users/fabio_nocezmw/Documents/University/II_Sem_2026/Diseno_Software/lab1-projects/SFML/src/SFML/Window/OpenBSD
Generating dependency graph for directory C:/Users/fabio_nocezmw/Documents/University/II_Sem_2026/Diseno_Software/lab1-projects/SFML
Generating dependency graph for directory C:/Users/fabio_nocezmw/Documents/University/II_Sem_2026/Diseno_Software/lab1-projects/SFML/include/SFML
Generating dependency graph for directory C:/Users/fabio_nocezmw/Documents/University/II_Sem_2026/Diseno_Software/lab1-projects/SFML/src/SFML
Generating dependency graph for directory C:/Users/fabio_nocezmw/Documents/University/II_Sem_2026/Diseno_Software/lab1-projects/SFML/src
Generating dependency graph for directory C:/Users/fabio_nocezmw/Documents/University/II_Sem_2026/Diseno_Software/lab1-projects/SFML/include/SFML/System
Generating dependency graph for directory C:/Users/fabio_nocezmw/Documents/University/II_Sem_2026/Diseno_Software/lab1-projects/SFML/src/SFML/System
Generating dependency graph for directory C:/Users/fabio_nocezmw/Documents/University/II_Sem_2026/Diseno_Software/lab1-projects/SFML/src/SFML/Network/Unix
Generating dependency graph for directory C:/Users/fabio_nocezmw/Documents/University/II_Sem_2026/Diseno_Software/lab1-projects/SFML/src/SFML/System/Unix
Generating dependency graph for directory C:/Users/fabio_nocezmw/Documents/University/II_Sem_2026/Diseno_Software/lab1-projects/SFML/src/SFML/Window/Unix
Generating dependency graph for directory C:/Users/fabio_nocezmw/Documents/University/II_Sem_2026/Diseno_Software/lab1-projects/SFML/src/SFML/Network/Win32
Generating dependency graph for directory C:/Users/fabio_nocezmw/Documents/University/II_Sem_2026/Diseno_Software/lab1-projects/SFML/src/SFML/System/Win32
Generating dependency graph for directory C:/Users/fabio_nocezmw/Documents/University/II_Sem_2026/Diseno_Software/lab1-projects/SFML/src/SFML/Window/Win32
Generating dependency graph for directory C:/Users/fabio_nocezmw/Documents/University/II_Sem_2026/Diseno_Software/lab1-projects/SFML/include/SFML/Window
Generating dependency graph for directory C:/Users/fabio_nocezmw/Documents/University/II_Sem_2026/Diseno_Software/lab1-projects/SFML/src/SFML/Window
Generating index page...
Generating main page...
Generating page index...
Generating topic index...
Generating module index...
Generating module member index...
Generating namespace index...
Generating namespace member index...
Generating concept index...
Generating annotated compound index...
Generating alphabetical compound index...
Generating hierarchical class index...
Generating graphical class hierarchy...
Generating member index...
Generating file index...
Generating file member index...
Generating example index...
finalizing index lists...
writing tag file...
Running dot...
Generating 291 dot graphs using 5 parallel threads with batch size 50...
Finished running dot for graphs 1-50/291
Finished running dot for graphs 51-100/291
Finished running dot for graphs 101-150/291
Finished running dot for graphs 151-200/291
Finished running dot for graphs 201-250/291
Finished running dot for graphs 251-259/291
Finished running dot for graphs 260-267/291
Finished running dot for graphs 268-275/291
Finished running dot for graphs 276-283/291
Finished running dot for graphs 284-291/291
Patching output file 1/411
Patching output file 2/411
Patching output file 3/411
Patching output file 4/411
Patching output file 5/411
Patching output file 6/411
Patching output file 7/411
Patching output file 8/411
Patching output file 9/411
Patching output file 10/411
Patching output file 11/411
Patching output file 12/411
Patching output file 13/411
Patching output file 14/411
Patching output file 15/411
Patching output file 16/411
Patching output file 17/411
Patching output file 18/411
Patching output file 19/411
Patching output file 20/411
Patching output file 21/411
Patching output file 22/411
Patching output file 23/411
Patching output file 24/411
Patching output file 25/411
Patching output file 26/411
Patching output file 27/411
Patching output file 28/411
Patching output file 29/411
Patching output file 30/411
Patching output file 31/411
Patching output file 32/411
Patching output file 33/411
Patching output file 34/411
Patching output file 35/411
Patching output file 36/411
Patching output file 37/411
Patching output file 38/411
Patching output file 39/411
Patching output file 40/411
Patching output file 41/411
Patching output file 42/411
Patching output file 43/411
Patching output file 44/411
Patching output file 45/411
Patching output file 46/411
Patching output file 47/411
Patching output file 48/411
Patching output file 49/411
Patching output file 50/411
Patching output file 51/411
Patching output file 52/411
Patching output file 53/411
Patching output file 54/411
Patching output file 55/411
Patching output file 56/411
Patching output file 57/411
Patching output file 58/411
Patching output file 59/411
Patching output file 60/411
Patching output file 61/411
Patching output file 62/411
Patching output file 63/411
Patching output file 64/411
Patching output file 65/411
Patching output file 66/411
Patching output file 67/411
Patching output file 68/411
Patching output file 69/411
Patching output file 70/411
Patching output file 71/411
Patching output file 72/411
Patching output file 73/411
Patching output file 74/411
Patching output file 75/411
Patching output file 76/411
Patching output file 77/411
Patching output file 78/411
Patching output file 79/411
Patching output file 80/411
Patching output file 81/411
Patching output file 82/411
Patching output file 83/411
Patching output file 84/411
Patching output file 85/411
Patching output file 86/411
Patching output file 87/411
Patching output file 88/411
Patching output file 89/411
Patching output file 90/411
Patching output file 91/411
Patching output file 92/411
Patching output file 93/411
Patching output file 94/411
Patching output file 95/411
Patching output file 96/411
Patching output file 97/411
Patching output file 98/411
Patching output file 99/411
Patching output file 100/411
Patching output file 101/411
Patching output file 102/411
Patching output file 103/411
Patching output file 104/411
Patching output file 105/411
Patching output file 106/411
Patching output file 107/411
Patching output file 108/411
Patching output file 109/411
Patching output file 110/411
Patching output file 111/411
Patching output file 112/411
Patching output file 113/411
Patching output file 114/411
Patching output file 115/411
Patching output file 116/411
Patching output file 117/411
Patching output file 118/411
Patching output file 119/411
Patching output file 120/411
Patching output file 121/411
Patching output file 122/411
Patching output file 123/411
Patching output file 124/411
Patching output file 125/411
Patching output file 126/411
Patching output file 127/411
Patching output file 128/411
Patching output file 129/411
Patching output file 130/411
Patching output file 131/411
Patching output file 132/411
Patching output file 133/411
Patching output file 134/411
Patching output file 135/411
Patching output file 136/411
Patching output file 137/411
Patching output file 138/411
Patching output file 139/411
Patching output file 140/411
Patching output file 141/411
Patching output file 142/411
Patching output file 143/411
Patching output file 144/411
Patching output file 145/411
Patching output file 146/411
Patching output file 147/411
Patching output file 148/411
Patching output file 149/411
Patching output file 150/411
Patching output file 151/411
Patching output file 152/411
Patching output file 153/411
Patching output file 154/411
Patching output file 155/411
Patching output file 156/411
Patching output file 157/411
Patching output file 158/411
Patching output file 159/411
Patching output file 160/411
Patching output file 161/411
Patching output file 162/411
Patching output file 163/411
Patching output file 164/411
Patching output file 165/411
Patching output file 166/411
Patching output file 167/411
Patching output file 168/411
Patching output file 169/411
Patching output file 170/411
Patching output file 171/411
Patching output file 172/411
Patching output file 173/411
Patching output file 174/411
Patching output file 175/411
Patching output file 176/411
Patching output file 177/411
Patching output file 178/411
Patching output file 179/411
Patching output file 180/411
Patching output file 181/411
Patching output file 182/411
Patching output file 183/411
Patching output file 184/411
Patching output file 185/411
Patching output file 186/411
Patching output file 187/411
Patching output file 188/411
Patching output file 189/411
Patching output file 190/411
Patching output file 191/411
Patching output file 192/411
Patching output file 193/411
Patching output file 194/411
Patching output file 195/411
Patching output file 196/411
Patching output file 197/411
Patching output file 198/411
Patching output file 199/411
Patching output file 200/411
Patching output file 201/411
Patching output file 202/411
Patching output file 203/411
Patching output file 204/411
Patching output file 205/411
Patching output file 206/411
Patching output file 207/411
Patching output file 208/411
Patching output file 209/411
Patching output file 210/411
Patching output file 211/411
Patching output file 212/411
Patching output file 213/411
Patching output file 214/411
Patching output file 215/411
Patching output file 216/411
Patching output file 217/411
Patching output file 218/411
Patching output file 219/411
Patching output file 220/411
Patching output file 221/411
Patching output file 222/411
Patching output file 223/411
Patching output file 224/411
Patching output file 225/411
Patching output file 226/411
Patching output file 227/411
Patching output file 228/411
Patching output file 229/411
Patching output file 230/411
Patching output file 231/411
Patching output file 232/411
Patching output file 233/411
Patching output file 234/411
Patching output file 235/411
Patching output file 236/411
Patching output file 237/411
Patching output file 238/411
Patching output file 239/411
Patching output file 240/411
Patching output file 241/411
Patching output file 242/411
Patching output file 243/411
Patching output file 244/411
Patching output file 245/411
Patching output file 246/411
Patching output file 247/411
Patching output file 248/411
Patching output file 249/411
Patching output file 250/411
Patching output file 251/411
Patching output file 252/411
Patching output file 253/411
Patching output file 254/411
Patching output file 255/411
Patching output file 256/411
Patching output file 257/411
Patching output file 258/411
Patching output file 259/411
Patching output file 260/411
Patching output file 261/411
Patching output file 262/411
Patching output file 263/411
Patching output file 264/411
Patching output file 265/411
Patching output file 266/411
Patching output file 267/411
Patching output file 268/411
Patching output file 269/411
Patching output file 270/411
Patching output file 271/411
Patching output file 272/411
Patching output file 273/411
Patching output file 274/411
Patching output file 275/411
Patching output file 276/411
Patching output file 277/411
Patching output file 278/411
Patching output file 279/411
Patching output file 280/411
Patching output file 281/411
Patching output file 282/411
Patching output file 283/411
Patching output file 284/411
Patching output file 285/411
Patching output file 286/411
Patching output file 287/411
Patching output file 288/411
Patching output file 289/411
Patching output file 290/411
Patching output file 291/411
Patching output file 292/411
Patching output file 293/411
Patching output file 294/411
Patching output file 295/411
Patching output file 296/411
Patching output file 297/411
Patching output file 298/411
Patching output file 299/411
Patching output file 300/411
Patching output file 301/411
Patching output file 302/411
Patching output file 303/411
Patching output file 304/411
Patching output file 305/411
Patching output file 306/411
Patching output file 307/411
Patching output file 308/411
Patching output file 309/411
Patching output file 310/411
Patching output file 311/411
Patching output file 312/411
Patching output file 313/411
Patching output file 314/411
Patching output file 315/411
Patching output file 316/411
Patching output file 317/411
Patching output file 318/411
Patching output file 319/411
Patching output file 320/411
Patching output file 321/411
Patching output file 322/411
Patching output file 323/411
Patching output file 324/411
Patching output file 325/411
Patching output file 326/411
Patching output file 327/411
Patching output file 328/411
Patching output file 329/411
Patching output file 330/411
Patching output file 331/411
Patching output file 332/411
Patching output file 333/411
Patching output file 334/411
Patching output file 335/411
Patching output file 336/411
Patching output file 337/411
Patching output file 338/411
Patching output file 339/411
Patching output file 340/411
Patching output file 341/411
Patching output file 342/411
Patching output file 343/411
Patching output file 344/411
Patching output file 345/411
Patching output file 346/411
Patching output file 347/411
Patching output file 348/411
Patching output file 349/411
Patching output file 350/411
Patching output file 351/411
Patching output file 352/411
Patching output file 353/411
Patching output file 354/411
Patching output file 355/411
Patching output file 356/411
Patching output file 357/411
Patching output file 358/411
Patching output file 359/411
Patching output file 360/411
Patching output file 361/411
Patching output file 362/411
Patching output file 363/411
Patching output file 364/411
Patching output file 365/411
Patching output file 366/411
Patching output file 367/411
Patching output file 368/411
Patching output file 369/411
Patching output file 370/411
Patching output file 371/411
Patching output file 372/411
Patching output file 373/411
Patching output file 374/411
Patching output file 375/411
Patching output file 376/411
Patching output file 377/411
Patching output file 378/411
Patching output file 379/411
Patching output file 380/411
Patching output file 381/411
Patching output file 382/411
Patching output file 383/411
Patching output file 384/411
Patching output file 385/411
Patching output file 386/411
Patching output file 387/411
Patching output file 388/411
Patching output file 389/411
Patching output file 390/411
Patching output file 391/411
Patching output file 392/411
Patching output file 393/411
Patching output file 394/411
Patching output file 395/411
Patching output file 396/411
Patching output file 397/411
Patching output file 398/411
Patching output file 399/411
Patching output file 400/411
Patching output file 401/411
Patching output file 402/411
Patching output file 403/411
Patching output file 404/411
Patching output file 405/411
Patching output file 406/411
Patching output file 407/411
Patching output file 408/411
Patching output file 409/411
Patching output file 410/411
Patching output file 411/411
type lookup cache used 3686/65536 hits=23232 misses=4605
symbol lookup cache used 18743/65536 hits=101368 misses=18743
finished...
